NATLOC,OCC,DECILE,ENERGIE,ETIQUETTE,NB_LOG
AP,G,D1,Autres,A,3.417488212
MA,G,D1,Autres,A,20.0073326
AP,LP,D1,Autres,A,282.1587529
MA,LP,D1,Autres,A,343.8994011
AP,LS,D1,Autres,A,887.8549564
MA,LS,D1,Autres,A,73.43042492
AP,P,D1,Autres,A,155.3939219
MA,P,D1,Autres,A,1358.647866
AP,G,D2,Autres,A,1.475250124
MA,G,D2,Autres,A,23.82321493
AP,LP,D2,Autres,A,247.2986881
MA,LP,D2,Autres,A,308.5541715
AP,LS,D2,Autres,A,961.2408343
MA,LS,D2,Autres,A,75.5402057
AP,P,D2,Autres,A,143.6862501
MA,P,D2,Autres,A,1565.820675
AP,G,D3,Autres,A,1.762456004
MA,G,D3,Autres,A,29.32898991
AP,LP,D3,Autres,A,183.6569242
MA,LP,D3,Autres,A,290.7149913
AP,LS,D3,Autres,A,610.1063778
MA,LS,D3,Autres,A,72.22273924
AP,P,D3,Autres,A,148.4581639
MA,P,D3,Autres,A,2101.937945
AP,G,D4,Autres,A,6.216314819
MA,G,D4,Autres,A,38.66164709
AP,LP,D4,Autres,A,163.6701761
MA,LP,D4,Autres,A,264.8512431
AP,LS,D4,Autres,A,480.0988984
MA,LS,D4,Autres,A,58.32767236
AP,P,D4,Autres,A,128.2088109
MA,P,D4,Autres,A,2477.899536
AP,G,D5,Autres,A,16.59068704
MA,G,D5,Autres,A,27.39064991
AP,LP,D5,Autres,A,156.1030861
MA,LP,D5,Autres,A,263.2536367
AP,LS,D5,Autres,A,410.8847889
MA,LS,D5,Autres,A,39.14664303
AP,P,D5,Autres,A,118.5450485
MA,P,D5,Autres,A,3043.734817
AP,G,D6,Autres,A,4.547367903
MA,G,D6,Autres,A,27.28480171
AP,LP,D6,Autres,A,132.1136699
MA,LP,D6,Autres,A,261.6898538
AP,LS,D6,Autres,A,389.972355
MA,LS,D6,Autres,A,23.53532613
AP,P,D6,Autres,A,130.8862837
MA,P,D6,Autres,A,3058.570995
AP,G,D7,Autres,A,11.71936267
MA,G,D7,Autres,A,54.234001
AP,LP,D7,Autres,A,152.4554718
MA,LP,D7,Autres,A,255.0245165
AP,LS,D7,Autres,A,248.5983697
MA,LS,D7,Autres,A,13.9647638
AP,P,D7,Autres,A,160.6978964
MA,P,D7,Autres,A,3519.406229
AP,G,D8,Autres,A,3.736604662
MA,G,D8,Autres,A,17.50996313
AP,LP,D8,Autres,A,174.266439
MA,LP,D8,Autres,A,205.4514258
AP,LS,D8,Autres,A,245.2548405
MA,LS,D8,Autres,A,7.594111598
AP,P,D8,Autres,A,194.88524
MA,P,D8,Autres,A,3586.961564
AP,G,D9,Autres,A,4.376380294
MA,G,D9,Autres,A,13.68115386
AP,LP,D9,Autres,A,175.6913903
MA,LP,D9,Autres,A,197.0800013
AP,LS,D9,Autres,A,205.8943735
MA,LS,D9,Autres,A,5.503852793
AP,P,D9,Autres,A,198.409582
MA,P,D9,Autres,A,3423.727501
AP,G,D10,Autres,A,2.733881479
MA,G,D10,Autres,A,18.93524553
AP,LP,D10,Autres,A,122.7349091
MA,LP,D10,Autres,A,155.5252085
AP,LS,D10,Autres,A,115.4471
MA,LS,D10,Autres,A,3.597867183
AP,P,D10,Autres,A,247.7856644
MA,P,D10,Autres,A,3325.544546
AP,G,D1,Electricité,A,57.86218987
MA,G,D1,Electricité,A,67.58127054
AP,LP,D1,Electricité,A,5415.434507
MA,LP,D1,Electricité,A,2835.919733
AP,LS,D1,Electricité,A,4162.321113
MA,LS,D1,Electricité,A,1618.652411
AP,P,D1,Electricité,A,1154.718085
MA,P,D1,Electricité,A,5032.777538
AP,G,D2,Electricité,A,60.86495782
MA,G,D2,Electricité,A,113.931097
AP,LP,D2,Electricité,A,4635.607241
MA,LP,D2,Electricité,A,3968.258865
AP,LS,D2,Electricité,A,4298.192125
MA,LS,D2,Electricité,A,2190.893264
AP,P,D2,Electricité,A,1528.153314
MA,P,D2,Electricité,A,7943.335625
AP,G,D3,Electricité,A,64.61918713
MA,G,D3,Electricité,A,184.4198651
AP,LP,D3,Electricité,A,4282.605052
MA,LP,D3,Electricité,A,4066.945863
AP,LS,D3,Electricité,A,3179.958102
MA,LS,D3,Electricité,A,1686.61963
AP,P,D3,Electricité,A,1766.162742
MA,P,D3,Electricité,A,11704.43406
AP,G,D4,Electricité,A,91.5959876
MA,G,D4,Electricité,A,210.291686
AP,LP,D4,Electricité,A,4397.608876
MA,LP,D4,Electricité,A,3666.638544
AP,LS,D4,Electricité,A,2752.024788
MA,LS,D4,Electricité,A,1228.696593
AP,P,D4,Electricité,A,2015.02237
MA,P,D4,Electricité,A,14657.38232
AP,G,D5,Electricité,A,95.16003649
MA,G,D5,Electricité,A,103.1170772
AP,LP,D5,Electricité,A,4516.148552
MA,LP,D5,Electricité,A,4381.888622
AP,LS,D5,Electricité,A,2023.645638
MA,LS,D5,Electricité,A,1149.975965
AP,P,D5,Electricité,A,2457.258558
MA,P,D5,Electricité,A,19370.07277
AP,G,D6,Electricité,A,79.41202998
MA,G,D6,Electricité,A,236.9958014
AP,LP,D6,Electricité,A,4405.860048
MA,LP,D6,Electricité,A,5204.54693
AP,LS,D6,Electricité,A,1681.453802
MA,LS,D6,Electricité,A,649.2094067
AP,P,D6,Electricité,A,3134.824096
MA,P,D6,Electricité,A,20426.81857
AP,G,D7,Electricité,A,62.73770968
MA,G,D7,Electricité,A,291.7255776
AP,LP,D7,Electricité,A,4563.049095
MA,LP,D7,Electricité,A,4870.534437
AP,LS,D7,Electricité,A,1322.29223
MA,LS,D7,Electricité,A,441.3486941
AP,P,D7,Electricité,A,3149.67253
MA,P,D7,Electricité,A,23154.97653
AP,G,D8,Electricité,A,67.20744829
MA,G,D8,Electricité,A,154.7268348
AP,LP,D8,Electricité,A,4140.739926
MA,LP,D8,Electricité,A,3756.550047
AP,LS,D8,Electricité,A,755.7021347
MA,LS,D8,Electricité,A,183.7524789
AP,P,D8,Electricité,A,3916.483761
MA,P,D8,Electricité,A,22809.40199
AP,G,D9,Electricité,A,45.70809942
MA,G,D9,Electricité,A,88.07195096
AP,LP,D9,Electricité,A,4007.599978
MA,LP,D9,Electricité,A,3842.895081
AP,LS,D9,Electricité,A,527.6498837
MA,LS,D9,Electricité,A,108.6083061
AP,P,D9,Electricité,A,4109.458955
MA,P,D9,Electricité,A,22043.8784
AP,G,D10,Electricité,A,45.28995023
MA,G,D10,Electricité,A,77.00084398
AP,LP,D10,Electricité,A,2790.019206
MA,LP,D10,Electricité,A,2776.201553
AP,LS,D10,Electricité,A,183.4684312
MA,LS,D10,Electricité,A,122.3109958
AP,P,D10,Electricité,A,4021.814939
MA,P,D10,Electricité,A,19442.84643
AP,G,D1,Gaz,A,83.51411355
MA,G,D1,Gaz,A,77.32646276
AP,LP,D1,Gaz,A,2995.650905
MA,LP,D1,Gaz,A,463.0257062
AP,LS,D1,Gaz,A,12091.72147
MA,LS,D1,Gaz,A,1885.877057
AP,P,D1,Gaz,A,672.1390132
MA,P,D1,Gaz,A,829.8388345
AP,G,D2,Gaz,A,82.96231798
MA,G,D2,Gaz,A,83.96935989
AP,LP,D2,Gaz,A,2890.716766
MA,LP,D2,Gaz,A,633.4056041
AP,LS,D2,Gaz,A,12596.90915
MA,LS,D2,Gaz,A,2802.646985
AP,P,D2,Gaz,A,1251.38863
MA,P,D2,Gaz,A,1371.133799
AP,G,D3,Gaz,A,71.11198817
MA,G,D3,Gaz,A,124.3137731
AP,LP,D3,Gaz,A,2726.984982
MA,LP,D3,Gaz,A,625.0822964
AP,LS,D3,Gaz,A,9474.842425
MA,LS,D3,Gaz,A,2148.83539
AP,P,D3,Gaz,A,1397.473977
MA,P,D3,Gaz,A,2144.437521
AP,G,D4,Gaz,A,147.9850278
MA,G,D4,Gaz,A,98.44934917
AP,LP,D4,Gaz,A,3398.44491
MA,LP,D4,Gaz,A,659.0284874
AP,LS,D4,Gaz,A,7997.535417
MA,LS,D4,Gaz,A,1551.846175
AP,P,D4,Gaz,A,1736.607641
MA,P,D4,Gaz,A,2595.819964
AP,G,D5,Gaz,A,172.8090057
MA,G,D5,Gaz,A,118.3142726
AP,LP,D5,Gaz,A,3344.74399
MA,LP,D5,Gaz,A,779.617489
AP,LS,D5,Gaz,A,6264.443847
MA,LS,D5,Gaz,A,1303.392165
AP,P,D5,Gaz,A,2176.867864
MA,P,D5,Gaz,A,3423.624733
AP,G,D6,Gaz,A,135.23631
MA,G,D6,Gaz,A,166.0818941
AP,LP,D6,Gaz,A,3623.637415
MA,LP,D6,Gaz,A,857.120762
AP,LS,D6,Gaz,A,4797.281152
MA,LS,D6,Gaz,A,851.9418467
AP,P,D6,Gaz,A,2951.500523
MA,P,D6,Gaz,A,3790.562732
AP,G,D7,Gaz,A,80.66091903
MA,G,D7,Gaz,A,170.6187079
AP,LP,D7,Gaz,A,3843.664036
MA,LP,D7,Gaz,A,879.001935
AP,LS,D7,Gaz,A,3922.887443
MA,LS,D7,Gaz,A,621.5954535
AP,P,D7,Gaz,A,3171.057168
MA,P,D7,Gaz,A,4241.338567
AP,G,D8,Gaz,A,125.0699064
MA,G,D8,Gaz,A,132.1256517
AP,LP,D8,Gaz,A,3523.043417
MA,LP,D8,Gaz,A,708.5641952
AP,LS,D8,Gaz,A,2271.410205
MA,LS,D8,Gaz,A,311.7348546
AP,P,D8,Gaz,A,3969.674961
MA,P,D8,Gaz,A,4368.688989
AP,G,D9,Gaz,A,115.7505428
MA,G,D9,Gaz,A,106.4890756
AP,LP,D9,Gaz,A,3112.733751
MA,LP,D9,Gaz,A,711.0747899
AP,LS,D9,Gaz,A,1518.006036
MA,LS,D9,Gaz,A,196.107609
AP,P,D9,Gaz,A,4353.644326
MA,P,D9,Gaz,A,4550.627304
AP,G,D10,Gaz,A,125.4501165
MA,G,D10,Gaz,A,77.53751085
AP,LP,D10,Gaz,A,2395.279854
MA,LP,D10,Gaz,A,535.4610517
AP,LS,D10,Gaz,A,477.9737481
MA,LS,D10,Gaz,A,149.659449
AP,P,D10,Gaz,A,4782.890366
MA,P,D10,Gaz,A,4262.337933
AP,G,D1,Autres,B,54.19765918
MA,G,D1,Autres,B,89.42088861
AP,LP,D1,Autres,B,1797.123441
MA,LP,D1,Autres,B,834.9440757
AP,LS,D1,Autres,B,6812.085283
MA,LS,D1,Autres,B,421.3556361
AP,P,D1,Autres,B,373.8945261
MA,P,D1,Autres,B,4480.124436
AP,G,D2,Autres,B,85.60134706
MA,G,D2,Autres,B,101.9645469
AP,LP,D2,Autres,B,1714.746927
MA,LP,D2,Autres,B,1073.536772
AP,LS,D2,Autres,B,7383.485697
MA,LS,D2,Autres,B,583.8828542
AP,P,D2,Autres,B,646.7923101
MA,P,D2,Autres,B,7180.964813
AP,G,D3,Autres,B,56.01831484
MA,G,D3,Autres,B,170.7897073
AP,LP,D3,Autres,B,1505.459721
MA,LP,D3,Autres,B,1083.321095
AP,LS,D3,Autres,B,5352.021019
MA,LS,D3,Autres,B,511.9133786
AP,P,D3,Autres,B,836.7133151
MA,P,D3,Autres,B,10126.89622
AP,G,D4,Autres,B,79.12299645
MA,G,D4,Autres,B,123.576019
AP,LP,D4,Autres,B,1584.786498
MA,LP,D4,Autres,B,1123.600364
AP,LS,D4,Autres,B,4647.737609
MA,LS,D4,Autres,B,410.0793344
AP,P,D4,Autres,B,965.0775005
MA,P,D4,Autres,B,12843.32602
AP,G,D5,Autres,B,82.16333716
MA,G,D5,Autres,B,89.87871119
AP,LP,D5,Autres,B,1662.147354
MA,LP,D5,Autres,B,1198.371581
AP,LS,D5,Autres,B,3732.077268
MA,LS,D5,Autres,B,329.8029789
AP,P,D5,Autres,B,1143.877961
MA,P,D5,Autres,B,16319.24507
AP,G,D6,Autres,B,99.889699
MA,G,D6,Autres,B,189.0477936
AP,LP,D6,Autres,B,1761.043275
MA,LP,D6,Autres,B,1279.816374
AP,LS,D6,Autres,B,2921.777383
MA,LS,D6,Autres,B,177.9255635
AP,P,D6,Autres,B,1586.712708
MA,P,D6,Autres,B,18148.26928
AP,G,D7,Autres,B,85.91862886
MA,G,D7,Autres,B,150.0251332
AP,LP,D7,Autres,B,1867.960607
MA,LP,D7,Autres,B,1289.84772
AP,LS,D7,Autres,B,2378.998606
MA,LS,D7,Autres,B,155.2499302
AP,P,D7,Autres,B,1778.561031
MA,P,D7,Autres,B,19977.73563
AP,G,D8,Autres,B,90.48955551
MA,G,D8,Autres,B,123.0335946
AP,LP,D8,Autres,B,1887.057839
MA,LP,D8,Autres,B,997.9854064
AP,LS,D8,Autres,B,1776.169814
MA,LS,D8,Autres,B,79.06787214
AP,P,D8,Autres,B,2344.737967
MA,P,D8,Autres,B,20091.45809
AP,G,D9,Autres,B,69.20485181
MA,G,D9,Autres,B,115.936222
AP,LP,D9,Autres,B,1855.756814
MA,LP,D9,Autres,B,1019.606995
AP,LS,D9,Autres,B,1286.027111
MA,LS,D9,Autres,B,57.39526791
AP,P,D9,Autres,B,2751.918027
MA,P,D9,Autres,B,20313.18649
AP,G,D10,Autres,B,86.49596634
MA,G,D10,Autres,B,89.68671142
AP,LP,D10,Autres,B,1728.164979
MA,LP,D10,Autres,B,911.4231594
AP,LS,D10,Autres,B,602.6177149
MA,LS,D10,Autres,B,35.17788329
AP,P,D10,Autres,B,3681.397336
MA,P,D10,Autres,B,19302.63521
AP,G,D1,Electricité,B,109.4369203
MA,G,D1,Electricité,B,119.5649259
AP,LP,D1,Electricité,B,8704.649457
MA,LP,D1,Electricité,B,2378.477924
AP,LS,D1,Electricité,B,8537.794089
MA,LS,D1,Electricité,B,1102.833799
AP,P,D1,Electricité,B,1070.382003
MA,P,D1,Electricité,B,4876.902058
AP,G,D2,Electricité,B,128.5169489
MA,G,D2,Electricité,B,170.2100234
AP,LP,D2,Electricité,B,8130.660587
MA,LP,D2,Electricité,B,3040.32175
AP,LS,D2,Electricité,B,8687.39592
MA,LS,D2,Electricité,B,1432.505923
AP,P,D2,Electricité,B,2073.458285
MA,P,D2,Electricité,B,7234.798862
AP,G,D3,Electricité,B,89.63041597
MA,G,D3,Electricité,B,161.0484316
AP,LP,D3,Electricité,B,7442.639509
MA,LP,D3,Electricité,B,3055.571826
AP,LS,D3,Electricité,B,6559.168796
MA,LS,D3,Electricité,B,1298.959049
AP,P,D3,Electricité,B,2712.658545
MA,P,D3,Electricité,B,9696.59001
AP,G,D4,Electricité,B,154.629608
MA,G,D4,Electricité,B,160.8318768
AP,LP,D4,Electricité,B,8627.86657
MA,LP,D4,Electricité,B,3266.845915
AP,LS,D4,Electricité,B,5652.598708
MA,LS,D4,Electricité,B,1030.00239
AP,P,D4,Electricité,B,3047.090131
MA,P,D4,Electricité,B,12358.62221
AP,G,D5,Electricité,B,167.8792222
MA,G,D5,Electricité,B,166.455049
AP,LP,D5,Electricité,B,8950.915555
MA,LP,D5,Electricité,B,3321.881016
AP,LS,D5,Electricité,B,4503.161762
MA,LS,D5,Electricité,B,800.5682444
AP,P,D5,Electricité,B,4122.505458
MA,P,D5,Electricité,B,15278.1166
AP,G,D6,Electricité,B,151.7471538
MA,G,D6,Electricité,B,195.6652863
AP,LP,D6,Electricité,B,9568.392009
MA,LP,D6,Electricité,B,3715.53562
AP,LS,D6,Electricité,B,3531.645889
MA,LS,D6,Electricité,B,488.8740095
AP,P,D6,Electricité,B,5832.536401
MA,P,D6,Electricité,B,17077.76886
AP,G,D7,Electricité,B,105.1514778
MA,G,D7,Electricité,B,146.7153251
AP,LP,D7,Electricité,B,9823.02378
MA,LP,D7,Electricité,B,3421.234443
AP,LS,D7,Electricité,B,2930.633098
MA,LS,D7,Electricité,B,387.5546809
AP,P,D7,Electricité,B,6150.007271
MA,P,D7,Electricité,B,18978.77781
AP,G,D8,Electricité,B,153.8988713
MA,G,D8,Electricité,B,156.6685181
AP,LP,D8,Electricité,B,9462.24869
MA,LP,D8,Electricité,B,2817.001323
AP,LS,D8,Electricité,B,1817.21464
MA,LS,D8,Electricité,B,215.2679527
AP,P,D8,Electricité,B,8023.978423
MA,P,D8,Electricité,B,20411.03566
AP,G,D9,Electricité,B,82.20561795
MA,G,D9,Electricité,B,158.936564
AP,LP,D9,Electricité,B,8313.543328
MA,LP,D9,Electricité,B,3088.948767
AP,LS,D9,Electricité,B,1224.899621
MA,LS,D9,Electricité,B,180.8001502
AP,P,D9,Electricité,B,8710.557403
MA,P,D9,Electricité,B,21704.38125
AP,G,D10,Electricité,B,101.2128232
MA,G,D10,Electricité,B,164.4134571
AP,LP,D10,Electricité,B,6059.417756
MA,LP,D10,Electricité,B,2830.677307
AP,LS,D10,Electricité,B,421.7470807
MA,LS,D10,Electricité,B,103.4647132
AP,P,D10,Electricité,B,9959.807533
MA,P,D10,Electricité,B,23514.48732
AP,G,D1,Gaz,B,418.3664855
MA,G,D1,Gaz,B,148.3668598
AP,LP,D1,Gaz,B,14865.51418
MA,LP,D1,Gaz,B,2164.97693
AP,LS,D1,Gaz,B,47219.68134
MA,LS,D1,Gaz,B,6789.183109
AP,P,D1,Gaz,B,3668.964694
MA,P,D1,Gaz,B,4797.2244
AP,G,D2,Gaz,B,546.4259388
MA,G,D2,Gaz,B,209.8741611
AP,LP,D2,Gaz,B,13232.66539
MA,LP,D2,Gaz,B,2945.402111
AP,LS,D2,Gaz,B,49111.98189
MA,LS,D2,Gaz,B,10009.75296
AP,P,D2,Gaz,B,5641.629243
MA,P,D2,Gaz,B,7860.443301
AP,G,D3,Gaz,B,438.3847777
MA,G,D3,Gaz,B,294.4768337
AP,LP,D3,Gaz,B,11903.81093
MA,LP,D3,Gaz,B,2806.088545
AP,LS,D3,Gaz,B,36414.02724
MA,LS,D3,Gaz,B,8006.188749
AP,P,D3,Gaz,B,7108.601746
MA,P,D3,Gaz,B,11726.42762
AP,G,D4,Gaz,B,512.6832829
MA,G,D4,Gaz,B,257.8236106
AP,LP,D4,Gaz,B,12735.56809
MA,LP,D4,Gaz,B,3084.756381
AP,LS,D4,Gaz,B,29734.05067
MA,LS,D4,Gaz,B,5973.849161
AP,P,D4,Gaz,B,8441.49133
MA,P,D4,Gaz,B,14690.47637
AP,G,D5,Gaz,B,538.7975868
MA,G,D5,Gaz,B,258.4032026
AP,LP,D5,Gaz,B,13170.65142
MA,LP,D5,Gaz,B,3123.342585
AP,LS,D5,Gaz,B,24783.77568
MA,LS,D5,Gaz,B,5062.58952
AP,P,D5,Gaz,B,10233.61021
MA,P,D5,Gaz,B,17823.25384
AP,G,D6,Gaz,B,652.1633799
MA,G,D6,Gaz,B,390.5345504
AP,LP,D6,Gaz,B,13972.40458
MA,LP,D6,Gaz,B,3275.319408
AP,LS,D6,Gaz,B,19034.35279
MA,LS,D6,Gaz,B,3342.661547
AP,P,D6,Gaz,B,13220.11549
MA,P,D6,Gaz,B,20468.71579
AP,G,D7,Gaz,B,520.813509
MA,G,D7,Gaz,B,243.0703727
AP,LP,D7,Gaz,B,14723.03195
MA,LP,D7,Gaz,B,3364.565648
AP,LS,D7,Gaz,B,14506.30831
MA,LS,D7,Gaz,B,2590.944876
AP,P,D7,Gaz,B,15080.43952
MA,P,D7,Gaz,B,22925.42571
AP,G,D8,Gaz,B,746.7617143
MA,G,D8,Gaz,B,294.7272123
AP,LP,D8,Gaz,B,14071.54489
MA,LP,D8,Gaz,B,2855.428126
AP,LS,D8,Gaz,B,9874.980603
MA,LS,D8,Gaz,B,1558.629252
AP,P,D8,Gaz,B,18218.83767
MA,P,D8,Gaz,B,25292.53154
AP,G,D9,Gaz,B,450.6382921
MA,G,D9,Gaz,B,287.388305
AP,LP,D9,Gaz,B,12359.77362
MA,LP,D9,Gaz,B,3007.854803
AP,LS,D9,Gaz,B,6131.268596
MA,LS,D9,Gaz,B,989.9861064
AP,P,D9,Gaz,B,20541.59773
MA,P,D9,Gaz,B,28034.55259
AP,G,D10,Gaz,B,687.2722334
MA,G,D10,Gaz,B,202.5026505
AP,LP,D10,Gaz,B,10743.22635
MA,LP,D10,Gaz,B,2640.800202
AP,LS,D10,Gaz,B,2464.781642
MA,LS,D10,Gaz,B,485.3633717
AP,P,D10,Gaz,B,25210.93669
MA,P,D10,Gaz,B,28843.7095
AP,G,D1,Autres,C,429.7620165
MA,G,D1,Autres,C,465.227307
AP,LP,D1,Autres,C,11320.0487
MA,LP,D1,Autres,C,4801.941762
AP,LS,D1,Autres,C,44882.35746
MA,LS,D1,Autres,C,642.5844722
AP,P,D1,Autres,C,2865.220912
MA,P,D1,Autres,C,21144.60464
AP,G,D2,Autres,C,397.4618856
MA,G,D2,Autres,C,607.1245928
AP,LP,D2,Autres,C,9189.444072
MA,LP,D2,Autres,C,5349.651594
AP,LS,D2,Autres,C,44019.20752
MA,LS,D2,Autres,C,851.3218059
AP,P,D2,Autres,C,4096.018606
MA,P,D2,Autres,C,30598.06663
AP,G,D3,Autres,C,429.8432319
MA,G,D3,Autres,C,721.2742922
AP,LP,D3,Autres,C,7441.093373
MA,LP,D3,Autres,C,5477.226334
AP,LS,D3,Autres,C,29405.16737
MA,LS,D3,Autres,C,721.3436077
AP,P,D3,Autres,C,4991.018967
MA,P,D3,Autres,C,46012.91264
AP,G,D4,Autres,C,466.6907864
MA,G,D4,Autres,C,583.2295787
AP,LP,D4,Autres,C,7314.858101
MA,LP,D4,Autres,C,5319.57055
AP,LS,D4,Autres,C,25339.49185
MA,LS,D4,Autres,C,614.5275128
AP,P,D4,Autres,C,5923.134113
MA,P,D4,Autres,C,54203.29283
AP,G,D5,Autres,C,516.2419779
MA,G,D5,Autres,C,518.8407422
AP,LP,D5,Autres,C,7061.321583
MA,LP,D5,Autres,C,5112.125899
AP,LS,D5,Autres,C,20320.99915
MA,LS,D5,Autres,C,468.0296596
AP,P,D5,Autres,C,6869.325788
MA,P,D5,Autres,C,60965.4829
AP,G,D6,Autres,C,472.6826289
MA,G,D6,Autres,C,524.7025837
AP,LP,D6,Autres,C,6997.058232
MA,LP,D6,Autres,C,5033.334184
AP,LS,D6,Autres,C,15922.09488
MA,LS,D6,Autres,C,329.5618064
AP,P,D6,Autres,C,8121.716815
MA,P,D6,Autres,C,67319.55229
AP,G,D7,Autres,C,522.8238871
MA,G,D7,Autres,C,469.6138291
AP,LP,D7,Autres,C,7189.281185
MA,LP,D7,Autres,C,4909.471419
AP,LS,D7,Autres,C,13082.94098
MA,LS,D7,Autres,C,249.3632324
AP,P,D7,Autres,C,9317.431795
MA,P,D7,Autres,C,72779.90288
AP,G,D8,Autres,C,507.9388987
MA,G,D8,Autres,C,473.3210493
AP,LP,D8,Autres,C,7163.64658
MA,LP,D8,Autres,C,4498.523687
AP,LS,D8,Autres,C,10129.79143
MA,LS,D8,Autres,C,153.4752021
AP,P,D8,Autres,C,11381.09464
MA,P,D8,Autres,C,79243.73448
AP,G,D9,Autres,C,463.7724591
MA,G,D9,Autres,C,447.7045464
AP,LP,D9,Autres,C,7127.285028
MA,LP,D9,Autres,C,4157.882794
AP,LS,D9,Autres,C,7331.478778
MA,LS,D9,Autres,C,78.87956809
AP,P,D9,Autres,C,13748.98155
MA,P,D9,Autres,C,83593.44419
AP,G,D10,Autres,C,490.4261249
MA,G,D10,Autres,C,442.736522
AP,LP,D10,Autres,C,8217.547666
MA,LP,D10,Autres,C,3512.848193
AP,LS,D10,Autres,C,3548.447078
MA,LS,D10,Autres,C,27.65924977
AP,P,D10,Autres,C,19722.17611
MA,P,D10,Autres,C,82644.11393
AP,G,D1,Electricité,C,568.3407064
MA,G,D1,Electricité,C,438.006945
AP,LP,D1,Electricité,C,29075.7547
MA,LP,D1,Electricité,C,6617.250761
AP,LS,D1,Electricité,C,16013.72114
MA,LS,D1,Electricité,C,1428.54424
AP,P,D1,Electricité,C,5649.117553
MA,P,D1,Electricité,C,14222.46815
AP,G,D2,Electricité,C,691.4338281
MA,G,D2,Electricité,C,501.4759605
AP,LP,D2,Electricité,C,23604.66024
MA,LP,D2,Electricité,C,7860.568422
AP,LS,D2,Electricité,C,15801.51123
MA,LS,D2,Electricité,C,1551.884369
AP,P,D2,Electricité,C,7645.115126
MA,P,D2,Electricité,C,22629.65967
AP,G,D3,Electricité,C,563.1775744
MA,G,D3,Electricité,C,552.8772744
AP,LP,D3,Electricité,C,20480.23731
MA,LP,D3,Electricité,C,7675.002375
AP,LS,D3,Electricité,C,11401.4973
MA,LS,D3,Electricité,C,1276.338944
AP,P,D3,Electricité,C,9131.560281
MA,P,D3,Electricité,C,31802.79411
AP,G,D4,Electricité,C,596.0851223
MA,G,D4,Electricité,C,435.359863
AP,LP,D4,Electricité,C,20928.96259
MA,LP,D4,Electricité,C,7392.046098
AP,LS,D4,Electricité,C,9214.497796
MA,LS,D4,Electricité,C,1074.529513
AP,P,D4,Electricité,C,10849.06108
MA,P,D4,Electricité,C,38239.12572
AP,G,D5,Electricité,C,646.0215586
MA,G,D5,Electricité,C,498.5851815
AP,LP,D5,Electricité,C,21000.52163
MA,LP,D5,Electricité,C,7680.421621
AP,LS,D5,Electricité,C,7792.928178
MA,LS,D5,Electricité,C,843.5374393
AP,P,D5,Electricité,C,12196.5934
MA,P,D5,Electricité,C,44595.91227
AP,G,D6,Electricité,C,539.4078008
MA,G,D6,Electricité,C,401.7995589
AP,LP,D6,Electricité,C,21673.98881
MA,LP,D6,Electricité,C,7625.835251
AP,LS,D6,Electricité,C,5771.590938
MA,LS,D6,Electricité,C,581.3082434
AP,P,D6,Electricité,C,14609.09945
MA,P,D6,Electricité,C,51064.98592
AP,G,D7,Electricité,C,615.3852619
MA,G,D7,Electricité,C,455.4061647
AP,LP,D7,Electricité,C,21501.11076
MA,LP,D7,Electricité,C,7585.744884
AP,LS,D7,Electricité,C,4773.707278
MA,LS,D7,Electricité,C,453.4615908
AP,P,D7,Electricité,C,16849.57407
MA,P,D7,Electricité,C,56348.0366
AP,G,D8,Electricité,C,651.412893
MA,G,D8,Electricité,C,455.5137806
AP,LP,D8,Electricité,C,20609.1032
MA,LP,D8,Electricité,C,7103.320926
AP,LS,D8,Electricité,C,3444.862957
MA,LS,D8,Electricité,C,286.2223572
AP,P,D8,Electricité,C,20904.78306
MA,P,D8,Electricité,C,62847.06287
AP,G,D9,Electricité,C,482.0294065
MA,G,D9,Electricité,C,380.585857
AP,LP,D9,Electricité,C,18816.8345
MA,LP,D9,Electricité,C,6923.092011
AP,LS,D9,Electricité,C,2228.176254
MA,LS,D9,Electricité,C,180.9118126
AP,P,D9,Electricité,C,24009.95999
MA,P,D9,Electricité,C,69819.31339
AP,G,D10,Electricité,C,538.8005369
MA,G,D10,Electricité,C,487.6584198
AP,LP,D10,Electricité,C,16926.36571
MA,LP,D10,Electricité,C,6429.63427
AP,LS,D10,Electricité,C,1142.536476
MA,LS,D10,Electricité,C,38.14573819
AP,P,D10,Electricité,C,32654.31993
MA,P,D10,Electricité,C,76911.67012
AP,G,D1,Gaz,C,1689.008908
MA,G,D1,Gaz,C,850.8574039
AP,LP,D1,Gaz,C,61176.07092
MA,LP,D1,Gaz,C,14766.26909
AP,LS,D1,Gaz,C,156418.8668
MA,LS,D1,Gaz,C,27848.80894
AP,P,D1,Gaz,C,19320.38491
MA,P,D1,Gaz,C,30211.74801
AP,G,D2,Gaz,C,1859.973528
MA,G,D2,Gaz,C,1083.073161
AP,LP,D2,Gaz,C,48245.6022
MA,LP,D2,Gaz,C,17334.37597
AP,LS,D2,Gaz,C,153205.008
MA,LS,D2,Gaz,C,35798.16974
AP,P,D2,Gaz,C,24239.49234
MA,P,D2,Gaz,C,45310.08897
AP,G,D3,Gaz,C,2050.265587
MA,G,D3,Gaz,C,1442.538952
AP,LP,D3,Gaz,C,41785.09233
MA,LP,D3,Gaz,C,16770.46341
AP,LS,D3,Gaz,C,105864.5393
MA,LS,D3,Gaz,C,28893.79602
AP,P,D3,Gaz,C,29648.97429
MA,P,D3,Gaz,C,69307.65913
AP,G,D4,Gaz,C,2381.46222
MA,G,D4,Gaz,C,1141.366239
AP,LP,D4,Gaz,C,41843.45959
MA,LP,D4,Gaz,C,16616.94406
AP,LS,D4,Gaz,C,89863.21122
MA,LS,D4,Gaz,C,23633.12587
AP,P,D4,Gaz,C,35817.73633
MA,P,D4,Gaz,C,85739.93836
AP,G,D5,Gaz,C,2583.501786
MA,G,D5,Gaz,C,1179.43792
AP,LP,D5,Gaz,C,42407.83384
MA,LP,D5,Gaz,C,16337.58227
AP,LS,D5,Gaz,C,74160.81962
MA,LS,D5,Gaz,C,20134.13394
AP,P,D5,Gaz,C,42118.55369
MA,P,D5,Gaz,C,98051.89851
AP,G,D6,Gaz,C,2859.329992
MA,G,D6,Gaz,C,1250.596672
AP,LP,D6,Gaz,C,42825.71895
MA,LP,D6,Gaz,C,15975.72405
AP,LS,D6,Gaz,C,55266.20175
MA,LS,D6,Gaz,C,15656.37819
AP,P,D6,Gaz,C,49661.49829
MA,P,D6,Gaz,C,113176.0763
AP,G,D7,Gaz,C,2667.888857
MA,G,D7,Gaz,C,1130.812429
AP,LP,D7,Gaz,C,43701.1308
MA,LP,D7,Gaz,C,16438.83515
AP,LS,D7,Gaz,C,43085.53052
MA,LS,D7,Gaz,C,10995.08625
AP,P,D7,Gaz,C,57206.28971
MA,P,D7,Gaz,C,125562.9249
AP,G,D8,Gaz,C,2993.265359
MA,G,D8,Gaz,C,1154.045602
AP,LP,D8,Gaz,C,42403.3612
MA,LP,D8,Gaz,C,15465.33947
AP,LS,D8,Gaz,C,31395.74601
MA,LS,D8,Gaz,C,7788.373496
AP,P,D8,Gaz,C,67996.04548
MA,P,D8,Gaz,C,141049.5217
AP,G,D9,Gaz,C,2239.844657
MA,G,D9,Gaz,C,1114.332365
AP,LP,D9,Gaz,C,40096.30363
MA,LP,D9,Gaz,C,14624.23225
AP,LS,D9,Gaz,C,19994.52981
MA,LS,D9,Gaz,C,3880.826083
AP,P,D9,Gaz,C,82934.36002
MA,P,D9,Gaz,C,158867.4412
AP,G,D10,Gaz,C,2319.863502
MA,G,D10,Gaz,C,1002.751017
AP,LP,D10,Gaz,C,46133.44785
MA,LP,D10,Gaz,C,12972.91459
AP,LS,D10,Gaz,C,9194.183554
MA,LS,D10,Gaz,C,1336.748517
AP,P,D10,Gaz,C,117279.6952
MA,P,D10,Gaz,C,163172.7257
AP,G,D1,Autres,D,997.4008444
MA,G,D1,Autres,D,927.2749184
AP,LP,D1,Autres,D,25288.1398
MA,LP,D1,Autres,D,12070.45001
AP,LS,D1,Autres,D,67729.14503
MA,LS,D1,Autres,D,1695.542247
AP,P,D1,Autres,D,6712.476517
MA,P,D1,Autres,D,43928.93412
AP,G,D2,Autres,D,871.5459145
MA,G,D2,Autres,D,1272.774848
AP,LP,D2,Autres,D,19602.99334
MA,LP,D2,Autres,D,14139.17908
AP,LS,D2,Autres,D,69020.46293
MA,LS,D2,Autres,D,2348.885401
AP,P,D2,Autres,D,9095.231234
MA,P,D2,Autres,D,66193.85762
AP,G,D3,Autres,D,840.7815191
MA,G,D3,Autres,D,1377.11764
AP,LP,D3,Autres,D,15973.70467
MA,LP,D3,Autres,D,14161.14286
AP,LS,D3,Autres,D,46860.35635
MA,LS,D3,Autres,D,1891.306038
AP,P,D3,Autres,D,11052.82672
MA,P,D3,Autres,D,102410.513
AP,G,D4,Autres,D,1024.246343
MA,G,D4,Autres,D,1296.319261
AP,LP,D4,Autres,D,15436.53176
MA,LP,D4,Autres,D,13852.31162
AP,LS,D4,Autres,D,39972.64972
MA,LS,D4,Autres,D,1575.047702
AP,P,D4,Autres,D,13151.44424
MA,P,D4,Autres,D,121108.425
AP,G,D5,Autres,D,1028.453079
MA,G,D5,Autres,D,1049.991429
AP,LP,D5,Autres,D,15186.17386
MA,LP,D5,Autres,D,12827.42588
AP,LS,D5,Autres,D,32958.01908
MA,LS,D5,Autres,D,1333.946282
AP,P,D5,Autres,D,15111.02159
MA,P,D5,Autres,D,132062.3134
AP,G,D6,Autres,D,995.5436706
MA,G,D6,Autres,D,1100.413034
AP,LP,D6,Autres,D,14769.00025
MA,LP,D6,Autres,D,12178.61525
AP,LS,D6,Autres,D,26500.03218
MA,LS,D6,Autres,D,961.1608219
AP,P,D6,Autres,D,17478.07664
MA,P,D6,Autres,D,143813.4379
AP,G,D7,Autres,D,1111.094498
MA,G,D7,Autres,D,896.7826412
AP,LP,D7,Autres,D,14954.45609
MA,LP,D7,Autres,D,11874.91821
AP,LS,D7,Autres,D,22846.32473
MA,LS,D7,Autres,D,736.8386059
AP,P,D7,Autres,D,19985.20052
MA,P,D7,Autres,D,152732.9659
AP,G,D8,Autres,D,1006.662058
MA,G,D8,Autres,D,999.343502
AP,LP,D8,Autres,D,15133.15213
MA,LP,D8,Autres,D,10867.42711
AP,LS,D8,Autres,D,18137.17529
MA,LS,D8,Autres,D,495.0712434
AP,P,D8,Autres,D,23932.88713
MA,P,D8,Autres,D,163488.1869
AP,G,D9,Autres,D,1000.136063
MA,G,D9,Autres,D,884.842345
AP,LP,D9,Autres,D,15841.80211
MA,LP,D9,Autres,D,9594.121667
AP,LS,D9,Autres,D,13981.51042
MA,LS,D9,Autres,D,263.9160631
AP,P,D9,Autres,D,30110.88797
MA,P,D9,Autres,D,168399.3566
AP,G,D10,Autres,D,1043.572064
MA,G,D10,Autres,D,831.2982463
AP,LP,D10,Autres,D,21159.8678
MA,LP,D10,Autres,D,7698.753478
AP,LS,D10,Autres,D,7689.818193
MA,LS,D10,Autres,D,88.57191846
AP,P,D10,Autres,D,45718.75267
MA,P,D10,Autres,D,152573.097
AP,G,D1,Electricité,D,1882.882994
MA,G,D1,Electricité,D,1613.229774
AP,LP,D1,Electricité,D,126958.6252
MA,LP,D1,Electricité,D,27112.11779
AP,LS,D1,Electricité,D,54018.93396
MA,LS,D1,Electricité,D,9674.54925
AP,P,D1,Electricité,D,16076.5477
MA,P,D1,Electricité,D,33164.5537
AP,G,D2,Electricité,D,1868.91889
MA,G,D2,Electricité,D,1843.670717
AP,LP,D2,Electricité,D,92382.96801
MA,LP,D2,Electricité,D,34008.01574
AP,LS,D2,Electricité,D,52805.02856
MA,LS,D2,Electricité,D,12319.58356
AP,P,D2,Electricité,D,21122.65013
MA,P,D2,Electricité,D,60152.91877
AP,G,D3,Electricité,D,1626.35239
MA,G,D3,Electricité,D,2247.733965
AP,LP,D3,Electricité,D,78744.55763
MA,LP,D3,Electricité,D,33357.63638
AP,LS,D3,Electricité,D,37083.18312
MA,LS,D3,Electricité,D,10380.81111
AP,P,D3,Electricité,D,24489.01524
MA,P,D3,Electricité,D,92772.0709
AP,G,D4,Electricité,D,1902.11806
MA,G,D4,Electricité,D,1830.465586
AP,LP,D4,Electricité,D,79187.32918
MA,LP,D4,Electricité,D,33034.26299
AP,LS,D4,Electricité,D,31471.11806
MA,LS,D4,Electricité,D,9028.321313
AP,P,D4,Electricité,D,30678.65905
MA,P,D4,Electricité,D,115405.2609
AP,G,D5,Electricité,D,1716.017958
MA,G,D5,Electricité,D,1766.641767
AP,LP,D5,Electricité,D,79696.89472
MA,LP,D5,Electricité,D,33491.8544
AP,LS,D5,Electricité,D,26634.71638
MA,LS,D5,Electricité,D,7091.372298
AP,P,D5,Electricité,D,36201.45772
MA,P,D5,Electricité,D,134343.4845
AP,G,D6,Electricité,D,1634.003557
MA,G,D6,Electricité,D,1609.614944
AP,LP,D6,Electricité,D,77666.57817
MA,LP,D6,Electricité,D,32275.14421
AP,LS,D6,Electricité,D,20232.69732
MA,LS,D6,Electricité,D,5141.495315
AP,P,D6,Electricité,D,41886.7762
MA,P,D6,Electricité,D,152654.8973
AP,G,D7,Electricité,D,1722.274745
MA,G,D7,Electricité,D,1570.617291
AP,LP,D7,Electricité,D,75929.25245
MA,LP,D7,Electricité,D,32181.96521
AP,LS,D7,Electricité,D,16400.69447
MA,LS,D7,Electricité,D,3911.891379
AP,P,D7,Electricité,D,48839.89931
MA,P,D7,Electricité,D,167072.2112
AP,G,D8,Electricité,D,1706.657355
MA,G,D8,Electricité,D,1634.384287
AP,LP,D8,Electricité,D,69868.78939
MA,LP,D8,Electricité,D,28793.54883
AP,LS,D8,Electricité,D,12694.27556
MA,LS,D8,Electricité,D,2500.045422
AP,P,D8,Electricité,D,59142.99965
MA,P,D8,Electricité,D,182832.1393
AP,G,D9,Electricité,D,1434.462809
MA,G,D9,Electricité,D,1381.540109
AP,LP,D9,Electricité,D,63694.21769
MA,LP,D9,Electricité,D,25769.86127
AP,LS,D9,Electricité,D,8976.601727
MA,LS,D9,Electricité,D,1452.467378
AP,P,D9,Electricité,D,69578.82487
MA,P,D9,Electricité,D,195546.9605
AP,G,D10,Electricité,D,1330.981143
MA,G,D10,Electricité,D,1308.816974
AP,LP,D10,Electricité,D,57394.32578
MA,LP,D10,Electricité,D,20792.23395
AP,LS,D10,Electricité,D,5189.296297
MA,LS,D10,Electricité,D,380.8951629
AP,P,D10,Electricité,D,93028.31983
MA,P,D10,Electricité,D,182487.6733
AP,G,D1,Gaz,D,2324.37562
MA,G,D1,Gaz,D,847.2735662
AP,LP,D1,Gaz,D,116277.676
MA,LP,D1,Gaz,D,25750.63825
AP,LS,D1,Gaz,D,211806.9728
MA,LS,D1,Gaz,D,29581.42104
AP,P,D1,Gaz,D,29695.48157
MA,P,D1,Gaz,D,56234.62906
AP,G,D2,Gaz,D,2357.774991
MA,G,D2,Gaz,D,1200.358835
AP,LP,D2,Gaz,D,78141.86447
MA,LP,D2,Gaz,D,26847.41294
AP,LS,D2,Gaz,D,194134.7871
MA,LS,D2,Gaz,D,36573.77656
AP,P,D2,Gaz,D,36535.78419
MA,P,D2,Gaz,D,74826.25841
AP,G,D3,Gaz,D,2390.108146
MA,G,D3,Gaz,D,1259.266202
AP,LP,D3,Gaz,D,64630.5914
MA,LP,D3,Gaz,D,25034.21151
AP,LS,D3,Gaz,D,129276.033
MA,LS,D3,Gaz,D,30143.30518
AP,P,D3,Gaz,D,46755.51975
MA,P,D3,Gaz,D,112833.2199
AP,G,D4,Gaz,D,2991.979865
MA,G,D4,Gaz,D,1137.286447
AP,LP,D4,Gaz,D,62372.50444
MA,LP,D4,Gaz,D,23972.8055
AP,LS,D4,Gaz,D,110603.6071
MA,LS,D4,Gaz,D,26006.0899
AP,P,D4,Gaz,D,56768.52853
MA,P,D4,Gaz,D,138457.552
AP,G,D5,Gaz,D,3081.364673
MA,G,D5,Gaz,D,1078.342418
AP,LP,D5,Gaz,D,61005.249
MA,LP,D5,Gaz,D,21568.79825
AP,LS,D5,Gaz,D,87152.68539
MA,LS,D5,Gaz,D,20506.16122
AP,P,D5,Gaz,D,65174.86673
MA,P,D5,Gaz,D,157657.3624
AP,G,D6,Gaz,D,3175.16679
MA,G,D6,Gaz,D,1135.851516
AP,LP,D6,Gaz,D,58514.68662
MA,LP,D6,Gaz,D,21016.632
AP,LS,D6,Gaz,D,66617.94252
MA,LS,D6,Gaz,D,16179.51222
AP,P,D6,Gaz,D,74833.85458
MA,P,D6,Gaz,D,174351.7438
AP,G,D7,Gaz,D,3205.415217
MA,G,D7,Gaz,D,935.7067655
AP,LP,D7,Gaz,D,59302.41354
MA,LP,D7,Gaz,D,20729.76873
AP,LS,D7,Gaz,D,53015.21377
MA,LS,D7,Gaz,D,11823.65845
AP,P,D7,Gaz,D,84507.11869
MA,P,D7,Gaz,D,187885.6242
AP,G,D8,Gaz,D,3217.244602
MA,G,D8,Gaz,D,1118.508788
AP,LP,D8,Gaz,D,58604.86285
MA,LP,D8,Gaz,D,19346.13055
AP,LS,D8,Gaz,D,38456.77262
MA,LS,D8,Gaz,D,8546.10632
AP,P,D8,Gaz,D,101520.3651
MA,P,D8,Gaz,D,207704.315
AP,G,D9,Gaz,D,2791.47383
MA,G,D9,Gaz,D,1083.727867
AP,LP,D9,Gaz,D,60918.76973
MA,LP,D9,Gaz,D,18866.83001
AP,LS,D9,Gaz,D,27493.28482
MA,LS,D9,Gaz,D,4640.765187
AP,P,D9,Gaz,D,125436.3718
MA,P,D9,Gaz,D,231365.9859
AP,G,D10,Gaz,D,2608.309426
MA,G,D10,Gaz,D,940.3889593
AP,LP,D10,Gaz,D,84832.65807
MA,LP,D10,Gaz,D,15811.00136
AP,LS,D10,Gaz,D,13107.49567
MA,LS,D10,Gaz,D,1599.836622
AP,P,D10,Gaz,D,187326.8782
MA,P,D10,Gaz,D,231734.2862
AP,G,D1,Autres,E,584.728099
MA,G,D1,Autres,E,783.3103801
AP,LP,D1,Autres,E,20613.86236
MA,LP,D1,Autres,E,14668.42105
AP,LS,D1,Autres,E,19003.97184
MA,LS,D1,Autres,E,2022.743887
AP,P,D1,Autres,E,4313.9749
MA,P,D1,Autres,E,51223.9654
AP,G,D2,Autres,E,553.7211114
MA,G,D2,Autres,E,1187.609801
AP,LP,D2,Autres,E,14341.29147
MA,LP,D2,Autres,E,15846.83924
AP,LS,D2,Autres,E,18668.03388
MA,LS,D2,Autres,E,2722.871744
AP,P,D2,Autres,E,5322.995462
MA,P,D2,Autres,E,69432.13442
AP,G,D3,Autres,E,506.3246964
MA,G,D3,Autres,E,1152.912852
AP,LP,D3,Autres,E,12057.20143
MA,LP,D3,Autres,E,16654.71709
AP,LS,D3,Autres,E,12900.79135
MA,LS,D3,Autres,E,2244.902059
AP,P,D3,Autres,E,6491.94815
MA,P,D3,Autres,E,105936.7776
AP,G,D4,Autres,E,603.2666677
MA,G,D4,Autres,E,1166.582972
AP,LP,D4,Autres,E,11557.95055
MA,LP,D4,Autres,E,15705.72385
AP,LS,D4,Autres,E,11292.56875
MA,LS,D4,Autres,E,1875.700448
AP,P,D4,Autres,E,7618.401178
MA,P,D4,Autres,E,121004.6762
AP,G,D5,Autres,E,593.2869806
MA,G,D5,Autres,E,926.3268799
AP,LP,D5,Autres,E,11284.77142
MA,LP,D5,Autres,E,13997.34077
AP,LS,D5,Autres,E,9164.505321
MA,LS,D5,Autres,E,1540.768533
AP,P,D5,Autres,E,8678.645508
MA,P,D5,Autres,E,126381.9617
AP,G,D6,Autres,E,514.3069817
MA,G,D6,Autres,E,1005.204113
AP,LP,D6,Autres,E,10595.26917
MA,LP,D6,Autres,E,12806.24593
AP,LS,D6,Autres,E,7362.416775
MA,LS,D6,Autres,E,1161.520411
AP,P,D6,Autres,E,9767.807685
MA,P,D6,Autres,E,130904.5936
AP,G,D7,Autres,E,598.0063308
MA,G,D7,Autres,E,717.557928
AP,LP,D7,Autres,E,10457.44988
MA,LP,D7,Autres,E,12186.92565
AP,LS,D7,Autres,E,6327.592493
MA,LS,D7,Autres,E,886.4489799
AP,P,D7,Autres,E,10913.95093
MA,P,D7,Autres,E,134246.1698
AP,G,D8,Autres,E,539.1980016
MA,G,D8,Autres,E,880.744142
AP,LP,D8,Autres,E,10579.76209
MA,LP,D8,Autres,E,11271.93279
AP,LS,D8,Autres,E,5160.037471
MA,LS,D8,Autres,E,605.7525126
AP,P,D8,Autres,E,12803.89533
MA,P,D8,Autres,E,138327.3307
AP,G,D9,Autres,E,537.3877445
MA,G,D9,Autres,E,747.0972817
AP,LP,D9,Autres,E,10938.58158
MA,LP,D9,Autres,E,9830.463563
AP,LS,D9,Autres,E,4275.369896
MA,LS,D9,Autres,E,327.3547116
AP,P,D9,Autres,E,15757.84467
MA,P,D9,Autres,E,136108.3499
AP,G,D10,Autres,E,515.1941774
MA,G,D10,Autres,E,651.4505488
AP,LP,D10,Autres,E,14657.2231
MA,LP,D10,Autres,E,7223.856941
AP,LS,D10,Autres,E,3069.291046
MA,LS,D10,Autres,E,116.3575873
AP,P,D10,Autres,E,23286.35038
MA,P,D10,Autres,E,114213.2992
AP,G,D1,Electricité,E,1680.140624
MA,G,D1,Electricité,E,1369.034538
AP,LP,D1,Electricité,E,163281.5662
MA,LP,D1,Electricité,E,29640.51845
AP,LS,D1,Electricité,E,49512.21741
MA,LS,D1,Electricité,E,14742.75957
AP,P,D1,Electricité,E,15750.03149
MA,P,D1,Electricité,E,33268.16401
AP,G,D2,Electricité,E,1402.105622
MA,G,D2,Electricité,E,1578.196622
AP,LP,D2,Electricité,E,92388.56134
MA,LP,D2,Electricité,E,33325.21729
AP,LS,D2,Electricité,E,45518.45262
MA,LS,D2,Electricité,E,20176.47262
AP,P,D2,Electricité,E,17257.29453
MA,P,D2,Electricité,E,54559.98827
AP,G,D3,Electricité,E,1369.711339
MA,G,D3,Electricité,E,1726.408029
AP,LP,D3,Electricité,E,74558.83816
MA,LP,D3,Electricité,E,31501.92611
AP,LS,D3,Electricité,E,31212.94018
MA,LS,D3,Electricité,E,17012.43955
AP,P,D3,Electricité,E,20299.21098
MA,P,D3,Electricité,E,87689.98188
AP,G,D4,Electricité,E,1582.528386
MA,G,D4,Electricité,E,1537.409539
AP,LP,D4,Electricité,E,75017.39391
MA,LP,D4,Electricité,E,31052.66227
AP,LS,D4,Electricité,E,27397.57739
MA,LS,D4,Electricité,E,15564.54426
AP,P,D4,Electricité,E,25322.6106
MA,P,D4,Electricité,E,108714.3734
AP,G,D5,Electricité,E,1379.672249
MA,G,D5,Electricité,E,1415.416939
AP,LP,D5,Electricité,E,72391.26788
MA,LP,D5,Electricité,E,29963.9476
AP,LS,D5,Electricité,E,22213.06972
MA,LS,D5,Electricité,E,12156.03645
AP,P,D5,Electricité,E,30021.25859
MA,P,D5,Electricité,E,124529.6724
AP,G,D6,Electricité,E,1228.859544
MA,G,D6,Electricité,E,1455.643068
AP,LP,D6,Electricité,E,67018.99157
MA,LP,D6,Electricité,E,28283.71543
AP,LS,D6,Electricité,E,17314.58046
MA,LS,D6,Electricité,E,9309.082707
AP,P,D6,Electricité,E,34082.12754
MA,P,D6,Electricité,E,140328.0925
AP,G,D7,Electricité,E,1343.539134
MA,G,D7,Electricité,E,1099.517035
AP,LP,D7,Electricité,E,65122.90715
MA,LP,D7,Electricité,E,27356.71391
AP,LS,D7,Electricité,E,13932.89315
MA,LS,D7,Electricité,E,6951.950174
AP,P,D7,Electricité,E,38790.82174
MA,P,D7,Electricité,E,151543.5926
AP,G,D8,Electricité,E,1250.327557
MA,G,D8,Electricité,E,1296.729041
AP,LP,D8,Electricité,E,59333.688
MA,LP,D8,Electricité,E,23950.22359
AP,LS,D8,Electricité,E,10609.43257
MA,LS,D8,Electricité,E,4476.729432
AP,P,D8,Electricité,E,45088.26683
MA,P,D8,Electricité,E,164671.6219
AP,G,D9,Electricité,E,1101.545798
MA,G,D9,Electricité,E,1179.23369
AP,LP,D9,Electricité,E,55378.98698
MA,LP,D9,Electricité,E,20617.85006
AP,LS,D9,Electricité,E,7655.695407
MA,LS,D9,Electricité,E,2507.201339
AP,P,D9,Electricité,E,52587.56519
MA,P,D9,Electricité,E,173461.4901
AP,G,D10,Electricité,E,870.1580925
MA,G,D10,Electricité,E,933.0327751
AP,LP,D10,Electricité,E,53866.25845
MA,LP,D10,Electricité,E,15594.3282
AP,LS,D10,Electricité,E,4518.100438
MA,LS,D10,Electricité,E,766.0880084
AP,P,D10,Electricité,E,66784.65787
MA,P,D10,Electricité,E,153581.0582
AP,G,D1,Gaz,E,1157.082558
MA,G,D1,Gaz,E,442.6308781
AP,LP,D1,Gaz,E,80743.75331
MA,LP,D1,Gaz,E,18905.07473
AP,LS,D1,Gaz,E,71325.78377
MA,LS,D1,Gaz,E,12907.81865
AP,P,D1,Gaz,E,16453.52999
MA,P,D1,Gaz,E,41878.1484
AP,G,D2,Gaz,E,1098.548336
MA,G,D2,Gaz,E,758.6871343
AP,LP,D2,Gaz,E,48951.20265
MA,LP,D2,Gaz,E,20647.69718
AP,LS,D2,Gaz,E,63325.27619
MA,LS,D2,Gaz,E,14220.55566
AP,P,D2,Gaz,E,18781.46586
MA,P,D2,Gaz,E,57057.35102
AP,G,D3,Gaz,E,970.9333238
MA,G,D3,Gaz,E,679.4811614
AP,LP,D3,Gaz,E,39447.21874
MA,LP,D3,Gaz,E,19004.10056
AP,LS,D3,Gaz,E,42138.29822
MA,LS,D3,Gaz,E,12509.0935
AP,P,D3,Gaz,E,24031.92277
MA,P,D3,Gaz,E,84798.74251
AP,G,D4,Gaz,E,1253.629899
MA,G,D4,Gaz,E,630.5394007
AP,LP,D4,Gaz,E,38174.12593
MA,LP,D4,Gaz,E,17652.26246
AP,LS,D4,Gaz,E,36237.93285
MA,LS,D4,Gaz,E,9981.67113
AP,P,D4,Gaz,E,28634.60599
MA,P,D4,Gaz,E,102530.1323
AP,G,D5,Gaz,E,1233.405487
MA,G,D5,Gaz,E,550.5710413
AP,LP,D5,Gaz,E,36295.70919
MA,LP,D5,Gaz,E,15763.22718
AP,LS,D5,Gaz,E,28318.9895
MA,LS,D5,Gaz,E,7337.25909
AP,P,D5,Gaz,E,32873.50862
MA,P,D5,Gaz,E,113746.92
AP,G,D6,Gaz,E,1315.218719
MA,G,D6,Gaz,E,633.7485642
AP,LP,D6,Gaz,E,34620.69854
MA,LP,D6,Gaz,E,14590.23735
AP,LS,D6,Gaz,E,21447.66391
MA,LS,D6,Gaz,E,5492.327353
AP,P,D6,Gaz,E,37195.6846
MA,P,D6,Gaz,E,120349.4062
AP,G,D7,Gaz,E,1318.302789
MA,G,D7,Gaz,E,442.049843
AP,LP,D7,Gaz,E,34963.38968
MA,LP,D7,Gaz,E,14204.9652
AP,LS,D7,Gaz,E,17257.57094
MA,LS,D7,Gaz,E,3871.481064
AP,P,D7,Gaz,E,41121.80065
MA,P,D7,Gaz,E,124006.5513
AP,G,D8,Gaz,E,1282.952862
MA,G,D8,Gaz,E,542.1829145
AP,LP,D8,Gaz,E,33744.66531
MA,LP,D8,Gaz,E,13135.88858
AP,LS,D8,Gaz,E,12462.86592
MA,LS,D8,Gaz,E,2794.136772
AP,P,D8,Gaz,E,48926.36393
MA,P,D8,Gaz,E,133380.4218
AP,G,D9,Gaz,E,1174.162859
MA,G,D9,Gaz,E,518.6039827
AP,LP,D9,Gaz,E,33223.98971
MA,LP,D9,Gaz,E,12468.54046
AP,LS,D9,Gaz,E,9465.976603
MA,LS,D9,Gaz,E,1416.056098
AP,P,D9,Gaz,E,58101.19003
MA,P,D9,Gaz,E,143441.4565
AP,G,D10,Gaz,E,971.3518911
MA,G,D10,Gaz,E,440.0673563
AP,LP,D10,Gaz,E,43633.9808
MA,LP,D10,Gaz,E,10103.65749
AP,LS,D10,Gaz,E,5192.639937
MA,LS,D10,Gaz,E,567.9661597
AP,P,D10,Gaz,E,85837.28771
MA,P,D10,Gaz,E,139795.6675
AP,G,D1,Autres,F,144.0305753
MA,G,D1,Autres,F,563.59557
AP,LP,D1,Autres,F,8163.448974
MA,LP,D1,Autres,F,11892.04468
AP,LS,D1,Autres,F,4653.836588
MA,LS,D1,Autres,F,1136.629675
AP,P,D1,Autres,F,1574.955398
MA,P,D1,Autres,F,41746.76475
AP,G,D2,Autres,F,146.2788901
MA,G,D2,Autres,F,883.0923716
AP,LP,D2,Autres,F,5205.823119
MA,LP,D2,Autres,F,12188.42914
AP,LS,D2,Autres,F,4311.332683
MA,LS,D2,Autres,F,1413.060267
AP,P,D2,Autres,F,1713.078946
MA,P,D2,Autres,F,53671.46195
AP,G,D3,Autres,F,143.1539952
MA,G,D3,Autres,F,795.2931223
AP,LP,D3,Autres,F,4686.583842
MA,LP,D3,Autres,F,13167.54665
AP,LS,D3,Autres,F,3023.977976
MA,LS,D3,Autres,F,1202.681881
AP,P,D3,Autres,F,2108.395086
MA,P,D3,Autres,F,77995.87615
AP,G,D4,Autres,F,155.2348335
MA,G,D4,Autres,F,852.0378164
AP,LP,D4,Autres,F,4416.382345
MA,LP,D4,Autres,F,12093.59925
AP,LS,D4,Autres,F,2742.186166
MA,LS,D4,Autres,F,954.6396777
AP,P,D4,Autres,F,2400.410809
MA,P,D4,Autres,F,83933.87499
AP,G,D5,Autres,F,151.0322647
MA,G,D5,Autres,F,682.8386238
AP,LP,D5,Autres,F,4075.12921
MA,LP,D5,Autres,F,10352.90713
AP,LS,D5,Autres,F,2152.724146
MA,LS,D5,Autres,F,779.9516897
AP,P,D5,Autres,F,2595.922262
MA,P,D5,Autres,F,83553.40388
AP,G,D6,Autres,F,136.2986103
MA,G,D6,Autres,F,771.943639
AP,LP,D6,Autres,F,3855.782581
MA,LP,D6,Autres,F,9222.395225
AP,LS,D6,Autres,F,1697.747914
MA,LS,D6,Autres,F,608.1831924
AP,P,D6,Autres,F,2792.600971
MA,P,D6,Autres,F,81710.58529
AP,G,D7,Autres,F,149.8457993
MA,G,D7,Autres,F,498.3678314
AP,LP,D7,Autres,F,3752.176104
MA,LP,D7,Autres,F,8790.239841
AP,LS,D7,Autres,F,1475.138277
MA,LS,D7,Autres,F,458.4238769
AP,P,D7,Autres,F,3085.965258
MA,P,D7,Autres,F,80562.36672
AP,G,D8,Autres,F,126.5877811
MA,G,D8,Autres,F,597.424557
AP,LP,D8,Autres,F,3710.278784
MA,LP,D8,Autres,F,8122.509697
AP,LS,D8,Autres,F,1235.683223
MA,LS,D8,Autres,F,291.8060601
AP,P,D8,Autres,F,3534.824349
MA,P,D8,Autres,F,79429.1324
AP,G,D9,Autres,F,123.4479626
MA,G,D9,Autres,F,485.3005752
AP,LP,D9,Autres,F,3697.663257
MA,LP,D9,Autres,F,6862.542953
AP,LS,D9,Autres,F,1097.361392
MA,LS,D9,Autres,F,171.1773916
AP,P,D9,Autres,F,4016.288317
MA,P,D9,Autres,F,73591.77554
AP,G,D10,Autres,F,91.17469649
MA,G,D10,Autres,F,409.8150059
AP,LP,D10,Autres,F,5880.863954
MA,LP,D10,Autres,F,4740.134856
AP,LS,D10,Autres,F,1191.990719
MA,LS,D10,Autres,F,58.26145242
AP,P,D10,Autres,F,6694.400689
MA,P,D10,Autres,F,56807.4418
AP,G,D1,Electricité,F,675.4842512
MA,G,D1,Electricité,F,600.3006548
AP,LP,D1,Electricité,F,136737.2187
MA,LP,D1,Electricité,F,18793.13003
AP,LS,D1,Electricité,F,21364.034
MA,LS,D1,Electricité,F,6035.862143
AP,P,D1,Electricité,F,11571.89359
MA,P,D1,Electricité,F,22610.57962
AP,G,D2,Electricité,F,538.5463085
MA,G,D2,Electricité,F,717.8455917
AP,LP,D2,Electricité,F,55457.45478
MA,LP,D2,Electricité,F,17481.24097
AP,LS,D2,Electricité,F,17864.91293
MA,LS,D2,Electricité,F,7640.040548
AP,P,D2,Electricité,F,8602.815781
MA,P,D2,Electricité,F,29395.84782
AP,G,D3,Electricité,F,471.0030528
MA,G,D3,Electricité,F,708.3874901
AP,LP,D3,Electricité,F,43345.9791
MA,LP,D3,Electricité,F,17018.5812
AP,LS,D3,Electricité,F,12267.06761
MA,LS,D3,Electricité,F,6598.879891
AP,P,D3,Electricité,F,9771.823223
MA,P,D3,Electricité,F,44664.36958
AP,G,D4,Electricité,F,574.6268015
MA,G,D4,Electricité,F,636.3903605
AP,LP,D4,Electricité,F,39965.35741
MA,LP,D4,Electricité,F,16575.03744
AP,LS,D4,Electricité,F,10497.3582
MA,LS,D4,Electricité,F,5882.768012
AP,P,D4,Electricité,F,11131.44464
MA,P,D4,Electricité,F,52789.77711
AP,G,D5,Electricité,F,469.1691117
MA,G,D5,Electricité,F,640.7466869
AP,LP,D5,Electricité,F,37008.83419
MA,LP,D5,Electricité,F,15059.31673
AP,LS,D5,Electricité,F,8546.64505
MA,LS,D5,Electricité,F,4656.954194
AP,P,D5,Electricité,F,13027.07168
MA,P,D5,Electricité,F,57681.3957
AP,G,D6,Electricité,F,412.0028244
MA,G,D6,Electricité,F,662.315024
AP,LP,D6,Electricité,F,35534.76544
MA,LP,D6,Electricité,F,13606.22902
AP,LS,D6,Electricité,F,6534.428248
MA,LS,D6,Electricité,F,3551.293305
AP,P,D6,Electricité,F,14848.24833
MA,P,D6,Electricité,F,61542.69158
AP,G,D7,Electricité,F,452.4369092
MA,G,D7,Electricité,F,398.6787494
AP,LP,D7,Electricité,F,36418.93502
MA,LP,D7,Electricité,F,12869.93016
AP,LS,D7,Electricité,F,5305.103927
MA,LS,D7,Electricité,F,2634.922141
AP,P,D7,Electricité,F,16773.37225
MA,P,D7,Electricité,F,63430.31353
AP,G,D8,Electricité,F,412.7289926
MA,G,D8,Electricité,F,500.4044383
AP,LP,D8,Electricité,F,35331.76205
MA,LP,D8,Electricité,F,11484.35861
AP,LS,D8,Electricité,F,4091.581409
MA,LS,D8,Electricité,F,1716.096767
AP,P,D8,Electricité,F,19584.48639
MA,P,D8,Electricité,F,65374.81217
AP,G,D9,Electricité,F,388.6282745
MA,G,D9,Electricité,F,433.3199552
AP,LP,D9,Electricité,F,37866.89186
MA,LP,D9,Electricité,F,9441.692868
AP,LS,D9,Electricité,F,3233.520152
MA,LS,D9,Electricité,F,1004.838155
AP,P,D9,Electricité,F,25183.14587
MA,P,D9,Electricité,F,64282.93569
AP,G,D10,Electricité,F,259.272486
MA,G,D10,Electricité,F,326.0059366
AP,LP,D10,Electricité,F,56631.35293
MA,LP,D10,Electricité,F,6575.891103
AP,LS,D10,Electricité,F,2180.394436
MA,LS,D10,Electricité,F,314.660787
AP,P,D10,Electricité,F,45159.47582
MA,P,D10,Electricité,F,51431.4152
AP,G,D1,Gaz,F,237.393191
MA,G,D1,Gaz,F,193.2948864
AP,LP,D1,Gaz,F,27788.17349
MA,LP,D1,Gaz,F,4661.300103
AP,LS,D1,Gaz,F,17486.54811
MA,LS,D1,Gaz,F,2734.235803
AP,P,D1,Gaz,F,4889.767013
MA,P,D1,Gaz,F,10647.47204
AP,G,D2,Gaz,F,240.6567629
MA,G,D2,Gaz,F,331.4429253
AP,LP,D2,Gaz,F,14924.60205
MA,LP,D2,Gaz,F,5483.938678
AP,LS,D2,Gaz,F,14996.3092
MA,LS,D2,Gaz,F,3514.64717
AP,P,D2,Gaz,F,4602.666069
MA,P,D2,Gaz,F,16527.16682
AP,G,D3,Gaz,F,189.7845036
MA,G,D3,Gaz,F,274.2027042
AP,LP,D3,Gaz,F,11982.08865
MA,LP,D3,Gaz,F,5411.106056
AP,LS,D3,Gaz,F,9885.553797
MA,LS,D3,Gaz,F,3083.263939
AP,P,D3,Gaz,F,5676.819601
MA,P,D3,Gaz,F,24860.4693
AP,G,D4,Gaz,F,245.3276975
MA,G,D4,Gaz,F,259.876468
AP,LP,D4,Gaz,F,11524.50848
MA,LP,D4,Gaz,F,5174.079277
AP,LS,D4,Gaz,F,8561.144813
MA,LS,D4,Gaz,F,2527.754897
AP,P,D4,Gaz,F,6729.6669
MA,P,D4,Gaz,F,30502.55231
AP,G,D5,Gaz,F,238.3723872
MA,G,D5,Gaz,F,225.3269236
AP,LP,D5,Gaz,F,10888.78519
MA,LP,D5,Gaz,F,4679.080325
AP,LS,D5,Gaz,F,6767.824759
MA,LS,D5,Gaz,F,1806.270825
AP,P,D5,Gaz,F,7624.36063
MA,P,D5,Gaz,F,33492.65935
AP,G,D6,Gaz,F,232.1809511
MA,G,D6,Gaz,F,295.4580553
AP,LP,D6,Gaz,F,10484.39306
MA,LP,D6,Gaz,F,4313.256026
AP,LS,D6,Gaz,F,5080.805452
MA,LS,D6,Gaz,F,1317.132709
AP,P,D6,Gaz,F,8384.0815
MA,P,D6,Gaz,F,34459.28882
AP,G,D7,Gaz,F,244.6140698
MA,G,D7,Gaz,F,183.4948875
AP,LP,D7,Gaz,F,10565.92013
MA,LP,D7,Gaz,F,4214.901395
AP,LS,D7,Gaz,F,4163.376561
MA,LS,D7,Gaz,F,873.2720311
AP,P,D7,Gaz,F,9594.253982
MA,P,D7,Gaz,F,35095.5389
AP,G,D8,Gaz,F,238.6462531
MA,G,D8,Gaz,F,218.0001478
AP,LP,D8,Gaz,F,10563.03482
MA,LP,D8,Gaz,F,3723.631575
AP,LS,D8,Gaz,F,3173.625032
MA,LS,D8,Gaz,F,648.7006948
AP,P,D8,Gaz,F,11215.38909
MA,P,D8,Gaz,F,37202.83063
AP,G,D9,Gaz,F,222.2376529
MA,G,D9,Gaz,F,199.0943513
AP,LP,D9,Gaz,F,10751.38836
MA,LP,D9,Gaz,F,3255.469205
AP,LS,D9,Gaz,F,2789.517382
MA,LS,D9,Gaz,F,321.9472529
AP,P,D9,Gaz,F,14064.99784
MA,P,D9,Gaz,F,37185.99243
AP,G,D10,Gaz,F,152.2115237
MA,G,D10,Gaz,F,177.9142128
AP,LP,D10,Gaz,F,15741.77754
MA,LP,D10,Gaz,F,2750.250211
AP,LS,D10,Gaz,F,2118.033223
MA,LS,D10,Gaz,F,125.7856399
AP,P,D10,Gaz,F,22594.12693
MA,P,D10,Gaz,F,34014.02074
AP,G,D1,Autres,G,41.72533256
MA,G,D1,Autres,G,177.2414832
AP,LP,D1,Autres,G,3978.317138
MA,LP,D1,Autres,G,7461.912833
AP,LS,D1,Autres,G,2005.698794
MA,LS,D1,Autres,G,596.955292
AP,P,D1,Autres,G,893.9531744
MA,P,D1,Autres,G,26992.71039
AP,G,D2,Autres,G,35.60458593
MA,G,D2,Autres,G,227.2252379
AP,LP,D2,Autres,G,2587.924107
MA,LP,D2,Autres,G,7842.261767
AP,LS,D2,Autres,G,1798.255363
MA,LS,D2,Autres,G,625.0991019
AP,P,D2,Autres,G,810.1134817
MA,P,D2,Autres,G,34176.48588
AP,G,D3,Autres,G,38.37092763
MA,G,D3,Autres,G,227.3829137
AP,LP,D3,Autres,G,2431.847156
MA,LP,D3,Autres,G,8657.682207
AP,LS,D3,Autres,G,1219.265671
MA,LS,D3,Autres,G,556.3424816
AP,P,D3,Autres,G,1017.501294
MA,P,D3,Autres,G,46964.13758
AP,G,D4,Autres,G,46.34443182
MA,G,D4,Autres,G,237.0970965
AP,LP,D4,Autres,G,2214.756006
MA,LP,D4,Autres,G,7482.114837
AP,LS,D4,Autres,G,1038.476607
MA,LS,D4,Autres,G,429.6369876
AP,P,D4,Autres,G,1091.507399
MA,P,D4,Autres,G,46161.38486
AP,G,D5,Autres,G,37.37999228
MA,G,D5,Autres,G,195.0078745
AP,LP,D5,Autres,G,2018.741737
MA,LP,D5,Autres,G,6086.431579
AP,LS,D5,Autres,G,844.666706
MA,LS,D5,Autres,G,310.9156828
AP,P,D5,Autres,G,1230.929417
MA,P,D5,Autres,G,43198.5799
AP,G,D6,Autres,G,33.43361723
MA,G,D6,Autres,G,238.143373
AP,LP,D6,Autres,G,1785.029354
MA,LP,D6,Autres,G,5268.752691
AP,LS,D6,Autres,G,627.0538557
MA,LS,D6,Autres,G,240.4215674
AP,P,D6,Autres,G,1208.436912
MA,P,D6,Autres,G,39982.93253
AP,G,D7,Autres,G,39.90559753
MA,G,D7,Autres,G,137.7435044
AP,LP,D7,Autres,G,1906.216804
MA,LP,D7,Autres,G,5119.432605
AP,LS,D7,Autres,G,560.3681175
MA,LS,D7,Autres,G,178.1196763
AP,P,D7,Autres,G,1302.527143
MA,P,D7,Autres,G,38092.83582
AP,G,D8,Autres,G,32.34455149
MA,G,D8,Autres,G,156.2642249
AP,LP,D8,Autres,G,1676.963364
MA,LP,D8,Autres,G,4467.988305
AP,LS,D8,Autres,G,442.4035298
MA,LS,D8,Autres,G,115.4155102
AP,P,D8,Autres,G,1388.998334
MA,P,D8,Autres,G,36032.78097
AP,G,D9,Autres,G,32.9596176
MA,G,D9,Autres,G,92.98024511
AP,LP,D9,Autres,G,1819.030774
MA,LP,D9,Autres,G,3771.778433
AP,LS,D9,Autres,G,379.2085828
MA,LS,D9,Autres,G,61.80493215
AP,P,D9,Autres,G,1529.238903
MA,P,D9,Autres,G,30736.89208
AP,G,D10,Autres,G,17.16457645
MA,G,D10,Autres,G,99.96448791
AP,LP,D10,Autres,G,2409.470952
MA,LP,D10,Autres,G,2329.693652
AP,LS,D10,Autres,G,334.6098684
MA,LS,D10,Autres,G,23.14115428
AP,P,D10,Autres,G,2312.502961
MA,P,D10,Autres,G,21189.38544
AP,G,D1,Electricité,G,198.0363246
MA,G,D1,Electricité,G,154.732051
AP,LP,D1,Electricité,G,135789.7291
MA,LP,D1,Electricité,G,17589.49489
AP,LS,D1,Electricité,G,8714.345651
MA,LS,D1,Electricité,G,1948.18318
AP,P,D1,Electricité,G,9309.862328
MA,P,D1,Electricité,G,26315.09203
AP,G,D2,Electricité,G,157.9666471
MA,G,D2,Electricité,G,183.1555463
AP,LP,D2,Electricité,G,45389.51237
MA,LP,D2,Electricité,G,15309.88477
AP,LS,D2,Electricité,G,6117.98179
MA,LS,D2,Electricité,G,2105.136518
AP,P,D2,Electricité,G,5645.538366
MA,P,D2,Electricité,G,27859.21895
AP,G,D3,Electricité,G,128.234042
MA,G,D3,Electricité,G,177.4134364
AP,LP,D3,Electricité,G,35866.97099
MA,LP,D3,Electricité,G,15873.45221
AP,LS,D3,Electricité,G,4316.99048
MA,LS,D3,Electricité,G,1838.087442
AP,P,D3,Electricité,G,6431.35825
MA,P,D3,Electricité,G,39842.39389
AP,G,D4,Electricité,G,175.8614634
MA,G,D4,Electricité,G,151.0189085
AP,LP,D4,Electricité,G,32019.83003
MA,LP,D4,Electricité,G,14323.14105
AP,LS,D4,Electricité,G,3456.474773
MA,LS,D4,Electricité,G,1532.828658
AP,P,D4,Electricité,G,6834.086923
MA,P,D4,Electricité,G,42599.09763
AP,G,D5,Electricité,G,122.1758531
MA,G,D5,Electricité,G,164.3028811
AP,LP,D5,Electricité,G,29370.0315
MA,LP,D5,Electricité,G,13069.71297
AP,LS,D5,Electricité,G,2981.80279
MA,LS,D5,Electricité,G,1172.076461
AP,P,D5,Electricité,G,8006.179616
MA,P,D5,Electricité,G,44213.89935
AP,G,D6,Electricité,G,114.6027338
MA,G,D6,Electricité,G,178.9594797
AP,LP,D6,Electricité,G,29605.8633
MA,LP,D6,Electricité,G,11570.66262
AP,LS,D6,Electricité,G,2442.462008
MA,LS,D6,Electricité,G,840.0340693
AP,P,D6,Electricité,G,9066.658143
MA,P,D6,Electricité,G,43663.47321
AP,G,D7,Electricité,G,130.6915787
MA,G,D7,Electricité,G,93.09849713
AP,LP,D7,Electricité,G,32090.40939
MA,LP,D7,Electricité,G,10851.22889
AP,LS,D7,Electricité,G,2090.988608
MA,LS,D7,Electricité,G,648.042904
AP,P,D7,Electricité,G,10793.16151
MA,P,D7,Electricité,G,42327.46065
AP,G,D8,Electricité,G,122.5441131
MA,G,D8,Electricité,G,112.466962
AP,LP,D8,Electricité,G,30792.5024
MA,LP,D8,Electricité,G,9528.015184
AP,LS,D8,Electricité,G,1593.083039
MA,LS,D8,Electricité,G,422.6513146
AP,P,D8,Electricité,G,12390.53644
MA,P,D8,Electricité,G,41430.80153
AP,G,D9,Electricité,G,117.8121964
MA,G,D9,Electricité,G,84.61906967
AP,LP,D9,Electricité,G,31403.89942
MA,LP,D9,Electricité,G,8051.862466
AP,LS,D9,Electricité,G,1517.84824
MA,LS,D9,Electricité,G,245.1628781
AP,P,D9,Electricité,G,15959.5019
MA,P,D9,Electricité,G,39277.40291
AP,G,D10,Electricité,G,71.29291136
MA,G,D10,Electricité,G,72.12972385
AP,LP,D10,Electricité,G,48544.18659
MA,LP,D10,Electricité,G,5216.572199
AP,LS,D10,Electricité,G,1411.400859
MA,LS,D10,Electricité,G,99.09286576
AP,P,D10,Electricité,G,32133.44958
MA,P,D10,Electricité,G,30798.02456
AP,G,D1,Gaz,G,41.84255954
MA,G,D1,Gaz,G,67.88773777
AP,LP,D1,Gaz,G,7985.001227
MA,LP,D1,Gaz,G,681.2412345
AP,LS,D1,Gaz,G,3191.75546
MA,LS,D1,Gaz,G,172.7249776
AP,P,D1,Gaz,G,1098.445667
MA,P,D1,Gaz,G,1480.226918
AP,G,D2,Gaz,G,36.42001071
MA,G,D2,Gaz,G,85.11144507
AP,LP,D2,Gaz,G,4105.950075
MA,LP,D2,Gaz,G,789.482032
AP,LS,D2,Gaz,G,2676.332862
MA,LS,D2,Gaz,G,235.0092082
AP,P,D2,Gaz,G,1102.358821
MA,P,D2,Gaz,G,2491.782892
AP,G,D3,Gaz,G,26.11068983
MA,G,D3,Gaz,G,78.33503434
AP,LP,D3,Gaz,G,3160.006873
MA,LP,D3,Gaz,G,781.8625433
AP,LS,D3,Gaz,G,1766.447244
MA,LS,D3,Gaz,G,224.5883341
AP,P,D3,Gaz,G,1235.620609
MA,P,D3,Gaz,G,3793.983459
AP,G,D4,Gaz,G,33.60626769
MA,G,D4,Gaz,G,72.5468245
AP,LP,D4,Gaz,G,2770.529392
MA,LP,D4,Gaz,G,827.3987005
AP,LS,D4,Gaz,G,1525.076529
MA,LS,D4,Gaz,G,167.6527548
AP,P,D4,Gaz,G,1425.332495
MA,P,D4,Gaz,G,4650.746325
AP,G,D5,Gaz,G,28.11516302
MA,G,D5,Gaz,G,64.54542932
AP,LP,D5,Gaz,G,2782.296747
MA,LP,D5,Gaz,G,737.2206461
AP,LS,D5,Gaz,G,1225.004579
MA,LS,D5,Gaz,G,123.522811
AP,P,D5,Gaz,G,1480.486827
MA,P,D5,Gaz,G,5293.28737
AP,G,D6,Gaz,G,27.58809886
MA,G,D6,Gaz,G,87.93812225
AP,LP,D6,Gaz,G,2611.353455
MA,LP,D6,Gaz,G,664.9508299
AP,LS,D6,Gaz,G,844.6857764
MA,LS,D6,Gaz,G,81.64600587
AP,P,D6,Gaz,G,1613.510433
MA,P,D6,Gaz,G,5453.335422
AP,G,D7,Gaz,G,28.69438818
MA,G,D7,Gaz,G,54.50947828
AP,LP,D7,Gaz,G,2694.939143
MA,LP,D7,Gaz,G,672.4374983
AP,LS,D7,Gaz,G,842.6212893
MA,LS,D7,Gaz,G,61.86422551
AP,P,D7,Gaz,G,1800.560832
MA,P,D7,Gaz,G,5588.277218
AP,G,D8,Gaz,G,25.86899987
MA,G,D8,Gaz,G,63.11247419
AP,LP,D8,Gaz,G,2576.938723
MA,LP,D8,Gaz,G,594.9711169
AP,LS,D8,Gaz,G,638.8628757
MA,LS,D8,Gaz,G,44.67764601
AP,P,D8,Gaz,G,2099.043109
MA,P,D8,Gaz,G,5733.987541
AP,G,D9,Gaz,G,25.90010796
MA,G,D9,Gaz,G,48.36740884
AP,LP,D9,Gaz,G,2730.150686
MA,LP,D9,Gaz,G,514.0140502
AP,LS,D9,Gaz,G,588.4106581
MA,LS,D9,Gaz,G,22.58916488
AP,P,D9,Gaz,G,2685.951704
MA,P,D9,Gaz,G,5489.262423
AP,G,D10,Gaz,G,16.7302471
MA,G,D10,Gaz,G,52.86119068
AP,LP,D10,Gaz,G,3963.949748
MA,LP,D10,Gaz,G,378.653117
AP,LS,D10,Gaz,G,513.3365298
MA,LS,D10,Gaz,G,7.341262163
AP,P,D10,Gaz,G,4352.329162
MA,P,D10,Gaz,G,4483.516424