Housing type,Occupancy status,Income class,Heating energy,Energy performance,Income class owner,Stock 2018
Single-family,Landlords,C1,Power,G,C1,3742.08992
Single-family,Landlords,C2,Power,G,C1,2376.29598
Single-family,Landlords,C3,Power,G,C1,4394.279015
Single-family,Landlords,C4,Power,G,C1,1249.457434
Single-family,Landlords,C5,Power,G,C1,515.6574576
Single-family,Landlords,C1,Power,F,C1,1046.419042
Single-family,Landlords,C2,Power,F,C1,3025.379787
Single-family,Landlords,C3,Power,F,C1,2914.455486
Single-family,Landlords,C4,Power,F,C1,1306.278639
Single-family,Landlords,C5,Power,F,C1,956.3474701
Single-family,Landlords,C1,Power,E,C1,2408.965611
Single-family,Landlords,C2,Power,E,C1,2984.394214
Single-family,Landlords,C3,Power,E,C1,2522.301695
Single-family,Landlords,C4,Power,E,C1,2251.871588
Single-family,Landlords,C5,Power,E,C1,1197.610167
Single-family,Landlords,C1,Power,D,C1,377.5147204
Single-family,Landlords,C2,Power,D,C1,678.3722114
Single-family,Landlords,C3,Power,D,C1,1576.814502
Single-family,Landlords,C4,Power,D,C1,2370.358597
Single-family,Landlords,C5,Power,D,C1,333.5408305
Single-family,Landlords,C1,Power,C,C1,61.69631862
Single-family,Landlords,C2,Power,C,C1,122.8058767
Single-family,Landlords,C3,Power,C,C1,590.725571
Single-family,Landlords,C4,Power,C,C1,229.4568295
Single-family,Landlords,C5,Power,C,C1,144.3414807
Single-family,Landlords,C1,Power,B,C1,0
Single-family,Landlords,C2,Power,B,C1,0
Single-family,Landlords,C3,Power,B,C1,0
Single-family,Landlords,C4,Power,B,C1,0
Single-family,Landlords,C5,Power,B,C1,0
Single-family,Landlords,C1,Power,A,C1,0
Single-family,Landlords,C2,Power,A,C1,0
Single-family,Landlords,C3,Power,A,C1,0
Single-family,Landlords,C4,Power,A,C1,0
Single-family,Landlords,C5,Power,A,C1,0
Single-family,Landlords,C1,Power,G,C2,4380.628926
Single-family,Landlords,C2,Power,G,C2,2781.780003
Single-family,Landlords,C3,Power,G,C2,5144.105613
Single-family,Landlords,C4,Power,G,C2,1462.661104
Single-family,Landlords,C5,Power,G,C2,603.6477003
Single-family,Landlords,C1,Power,F,C2,1224.97685
Single-family,Landlords,C2,Power,F,C2,3541.621522
Single-family,Landlords,C3,Power,F,C2,3411.769431
Single-family,Landlords,C4,Power,F,C2,1529.178108
Single-family,Landlords,C5,Power,F,C2,1119.535735
Single-family,Landlords,C1,Power,E,C2,2820.024279
Single-family,Landlords,C2,Power,E,C2,3493.642294
Single-family,Landlords,C3,Power,E,C2,2952.699693
Single-family,Landlords,C4,Power,E,C2,2636.124204
Single-family,Landlords,C5,Power,E,C2,1401.966775
Single-family,Landlords,C1,Power,D,C2,441.9327004
Single-family,Landlords,C2,Power,D,C2,794.1276115
Single-family,Landlords,C3,Power,D,C2,1845.877401
Single-family,Landlords,C4,Power,D,C2,2774.829481
Single-family,Landlords,C5,Power,D,C2,390.4552377
Single-family,Landlords,C1,Power,C,C2,72.22399349
Single-family,Landlords,C2,Power,C,C2,143.7611034
Single-family,Landlords,C3,Power,C,C2,691.5252117
Single-family,Landlords,C4,Power,C,C2,268.610655
Single-family,Landlords,C5,Power,C,C2,168.9714783
Single-family,Landlords,C1,Power,B,C2,0
Single-family,Landlords,C2,Power,B,C2,0
Single-family,Landlords,C3,Power,B,C2,0
Single-family,Landlords,C4,Power,B,C2,0
Single-family,Landlords,C5,Power,B,C2,0
Single-family,Landlords,C1,Power,A,C2,0
Single-family,Landlords,C2,Power,A,C2,0
Single-family,Landlords,C3,Power,A,C2,0
Single-family,Landlords,C4,Power,A,C2,0
Single-family,Landlords,C5,Power,A,C2,0
Single-family,Landlords,C1,Power,G,C3,9666.501929
Single-family,Landlords,C2,Power,G,C3,6138.406657
Single-family,Landlords,C3,Power,G,C3,11351.22551
Single-family,Landlords,C4,Power,G,C3,3227.576822
Single-family,Landlords,C5,Power,G,C3,1332.037422
Single-family,Landlords,C1,Power,F,C3,2703.091562
Single-family,Landlords,C2,Power,F,C3,7815.108712
Single-family,Landlords,C3,Power,F,C3,7528.570976
Single-family,Landlords,C4,Power,F,C3,3374.356374
Single-family,Landlords,C5,Power,F,C3,2470.420235
Single-family,Landlords,C1,Power,E,C3,6222.798277
Single-family,Landlords,C2,Power,E,C3,7709.235487
Single-family,Landlords,C3,Power,E,C3,6515.566088
Single-family,Landlords,C4,Power,E,C3,5816.995717
Single-family,Landlords,C5,Power,E,C3,3093.645858
Single-family,Landlords,C1,Power,D,C3,975.1894926
Single-family,Landlords,C2,Power,D,C3,1752.359357
Single-family,Landlords,C3,Power,D,C3,4073.199933
Single-family,Landlords,C4,Power,D,C3,6123.069306
Single-family,Landlords,C5,Power,D,C3,861.5969011
Single-family,Landlords,C1,Power,C,C3,159.3728627
Single-family,Landlords,C2,Power,C,C3,317.2300158
Single-family,Landlords,C3,Power,C,C3,1525.952074
Single-family,Landlords,C4,Power,C,C3,592.7289115
Single-family,Landlords,C5,Power,C,C3,372.8604155
Single-family,Landlords,C1,Power,B,C3,0
Single-family,Landlords,C2,Power,B,C3,0
Single-family,Landlords,C3,Power,B,C3,0
Single-family,Landlords,C4,Power,B,C3,0
Single-family,Landlords,C5,Power,B,C3,0
Single-family,Landlords,C1,Power,A,C3,0
Single-family,Landlords,C2,Power,A,C3,0
Single-family,Landlords,C3,Power,A,C3,0
Single-family,Landlords,C4,Power,A,C3,0
Single-family,Landlords,C5,Power,A,C3,0
Single-family,Landlords,C1,Power,G,C4,17498.42699
Single-family,Landlords,C2,Power,G,C4,11111.82323
Single-family,Landlords,C3,Power,G,C4,20548.13544
Single-family,Landlords,C4,Power,G,C4,5842.601364
Single-family,Landlords,C5,Power,G,C4,2411.271392
Single-family,Landlords,C1,Power,F,C4,4893.171354
Single-family,Landlords,C2,Power,F,C4,14147.01101
Single-family,Landlords,C3,Power,F,C4,13628.31669
Single-family,Landlords,C4,Power,F,C4,6108.303611
Single-family,Landlords,C5,Power,F,C4,4471.986705
Single-family,Landlords,C1,Power,E,C4,11264.59004
Single-family,Landlords,C2,Power,E,C4,13955.35793
Single-family,Landlords,C3,Power,E,C4,11794.56212
Single-family,Landlords,C4,Power,E,C4,10530.00099
Single-family,Landlords,C5,Power,E,C4,5600.1578
Single-family,Landlords,C1,Power,D,C4,1765.30065
Single-family,Landlords,C2,Power,D,C4,3172.143603
Single-family,Landlords,C3,Power,D,C4,7373.359274
Single-family,Landlords,C4,Power,D,C4,11084.05936
Single-family,Landlords,C5,Power,D,C4,1559.67387
Single-family,Landlords,C1,Power,C,C4,288.4988201
Single-family,Landlords,C2,Power,C,C4,574.2538831
Single-family,Landlords,C3,Power,C,C4,2762.298206
Single-family,Landlords,C4,Power,C,C4,1072.965552
Single-family,Landlords,C5,Power,C,C4,674.956753
Single-family,Landlords,C1,Power,B,C4,0
Single-family,Landlords,C2,Power,B,C4,0
Single-family,Landlords,C3,Power,B,C4,0
Single-family,Landlords,C4,Power,B,C4,0
Single-family,Landlords,C5,Power,B,C4,0
Single-family,Landlords,C1,Power,A,C4,0
Single-family,Landlords,C2,Power,A,C4,0
Single-family,Landlords,C3,Power,A,C4,0
Single-family,Landlords,C4,Power,A,C4,0
Single-family,Landlords,C5,Power,A,C4,0
Single-family,Landlords,C1,Power,G,C5,40816.90742
Single-family,Landlords,C2,Power,G,C5,25919.48753
Single-family,Landlords,C3,Power,G,C5,47930.67071
Single-family,Landlords,C4,Power,G,C5,13628.47753
Single-family,Landlords,C5,Power,G,C5,5624.542209
Single-family,Landlords,C1,Power,F,C5,11413.83293
Single-family,Landlords,C2,Power,F,C5,32999.37984
Single-family,Landlords,C3,Power,F,C5,31789.47119
Single-family,Landlords,C4,Power,F,C5,14248.25576
Single-family,Landlords,C5,Power,F,C5,10431.37577
Single-family,Landlords,C1,Power,E,C5,26275.83204
Single-family,Landlords,C2,Power,E,C5,32552.329
Single-family,Landlords,C3,Power,E,C5,27512.04725
Single-family,Landlords,C4,Power,E,C5,24562.32641
Single-family,Landlords,C5,Power,E,C5,13062.9526
Single-family,Landlords,C1,Power,D,C5,4117.748028
Single-family,Landlords,C2,Power,D,C5,7399.356062
Single-family,Landlords,C3,Power,D,C5,17199.13014
Single-family,Landlords,C4,Power,D,C5,25854.72541
Single-family,Landlords,C5,Power,D,C5,3638.102099
Single-family,Landlords,C1,Power,C,C5,672.9536113
Single-family,Landlords,C2,Power,C,C5,1339.507123
Single-family,Landlords,C3,Power,C,C5,6443.348894
Single-family,Landlords,C4,Power,C,C5,2502.804146
Single-family,Landlords,C5,Power,C,C5,1574.407078
Single-family,Landlords,C1,Power,B,C5,0
Single-family,Landlords,C2,Power,B,C5,0
Single-family,Landlords,C3,Power,B,C5,0
Single-family,Landlords,C4,Power,B,C5,0
Single-family,Landlords,C5,Power,B,C5,0
Single-family,Landlords,C1,Power,A,C5,0
Single-family,Landlords,C2,Power,A,C5,0
Single-family,Landlords,C3,Power,A,C5,0
Single-family,Landlords,C4,Power,A,C5,0
Single-family,Landlords,C5,Power,A,C5,0
Single-family,Landlords,C1,Natural gas,G,C1,1183.631948
Single-family,Landlords,C2,Natural gas,G,C1,751.6280743
Single-family,Landlords,C3,Natural gas,G,C1,1389.920911
Single-family,Landlords,C4,Natural gas,G,C1,395.20636
Single-family,Landlords,C5,Natural gas,G,C1,163.1036811
Single-family,Landlords,C1,Natural gas,F,C1,345.2616225
Single-family,Landlords,C2,Natural gas,F,C1,998.2115115
Single-family,Landlords,C3,Natural gas,F,C1,961.6124984
Single-family,Landlords,C4,Natural gas,F,C1,431.0012183
Single-family,Landlords,C5,Natural gas,F,C1,315.5428808
Single-family,Landlords,C1,Natural gas,E,C1,2163.894186
Single-family,Landlords,C2,Natural gas,E,C1,2680.782681
Single-family,Landlords,C3,Natural gas,E,C1,2265.700245
Single-family,Landlords,C4,Natural gas,E,C1,2022.781818
Single-family,Landlords,C5,Natural gas,E,C1,1075.773629
Single-family,Landlords,C1,Natural gas,D,C1,255.9530135
Single-family,Landlords,C2,Natural gas,D,C1,459.9328247
Single-family,Landlords,C3,Natural gas,D,C1,1069.072016
Single-family,Landlords,C4,Natural gas,D,C1,1607.090778
Single-family,Landlords,C5,Natural gas,D,C1,226.1389452
Single-family,Landlords,C1,Natural gas,C,C1,410.3834315
Single-family,Landlords,C2,Natural gas,C,C1,816.8639269
Single-family,Landlords,C3,Natural gas,C,C1,3929.310409
Single-family,Landlords,C4,Natural gas,C,C1,1526.270662
Single-family,Landlords,C5,Natural gas,C,C1,960.1116161
Single-family,Landlords,C1,Natural gas,B,C1,57.24505566
Single-family,Landlords,C2,Natural gas,B,C1,114.4901113
Single-family,Landlords,C3,Natural gas,B,C1,457.9604453
Single-family,Landlords,C4,Natural gas,B,C1,343.4703339
Single-family,Landlords,C5,Natural gas,B,C1,171.735167
Single-family,Landlords,C1,Natural gas,A,C1,0
Single-family,Landlords,C2,Natural gas,A,C1,0
Single-family,Landlords,C3,Natural gas,A,C1,0
Single-family,Landlords,C4,Natural gas,A,C1,0
Single-family,Landlords,C5,Natural gas,A,C1,0
Single-family,Landlords,C1,Natural gas,G,C2,1385.603355
Single-family,Landlords,C2,Natural gas,G,C2,879.8836354
Single-family,Landlords,C3,Natural gas,G,C2,1627.092848
Single-family,Landlords,C4,Natural gas,G,C2,462.6431884
Single-family,Landlords,C5,Natural gas,G,C2,190.9352043
Single-family,Landlords,C1,Natural gas,F,C2,404.1760305
Single-family,Landlords,C2,Natural gas,F,C2,1168.543331
Single-family,Landlords,C3,Natural gas,F,C2,1125.699172
Single-family,Landlords,C4,Natural gas,F,C2,504.5459739
Single-family,Landlords,C5,Natural gas,F,C2,369.3861719
Single-family,Landlords,C1,Natural gas,E,C2,2533.134603
Single-family,Landlords,C2,Natural gas,E,C2,3138.223402
Single-family,Landlords,C3,Natural gas,E,C2,2652.312542
Single-family,Landlords,C4,Natural gas,E,C2,2367.943244
Single-family,Landlords,C5,Natural gas,E,C2,1259.340416
Single-family,Landlords,C1,Natural gas,D,C2,299.6280683
Single-family,Landlords,C2,Natural gas,D,C2,538.4143829
Single-family,Landlords,C3,Natural gas,D,C2,1251.49526
Single-family,Landlords,C4,Natural gas,D,C2,1881.31993
Single-family,Landlords,C5,Natural gas,D,C2,264.7266168
Single-family,Landlords,C1,Natural gas,C,C2,480.4100298
Single-family,Landlords,C2,Natural gas,C,C2,956.2511383
Single-family,Landlords,C3,Natural gas,C,C2,4599.796156
Single-family,Landlords,C4,Natural gas,C,C2,1786.708912
Single-family,Landlords,C5,Natural gas,C,C2,1123.942184
Single-family,Landlords,C1,Natural gas,B,C2,67.01318032
Single-family,Landlords,C2,Natural gas,B,C2,134.0263606
Single-family,Landlords,C3,Natural gas,B,C2,536.1054425
Single-family,Landlords,C4,Natural gas,B,C2,402.0790819
Single-family,Landlords,C5,Natural gas,B,C2,201.039541
Single-family,Landlords,C1,Natural gas,A,C2,0
Single-family,Landlords,C2,Natural gas,A,C2,0
Single-family,Landlords,C3,Natural gas,A,C2,0
Single-family,Landlords,C4,Natural gas,A,C2,0
Single-family,Landlords,C5,Natural gas,A,C2,0
Single-family,Landlords,C1,Natural gas,G,C3,3057.537567
Single-family,Landlords,C2,Natural gas,G,C3,1941.592636
Single-family,Landlords,C3,Natural gas,G,C3,3590.419647
Single-family,Landlords,C4,Natural gas,G,C3,1020.890231
Single-family,Landlords,C5,Natural gas,G,C3,421.3266068
Single-family,Landlords,C1,Natural gas,F,C3,891.8738483
Single-family,Landlords,C2,Natural gas,F,C3,2578.562702
Single-family,Landlords,C3,Natural gas,F,C3,2484.020765
Single-family,Landlords,C4,Natural gas,F,C3,1113.354889
Single-family,Landlords,C5,Natural gas,F,C3,815.1049092
Single-family,Landlords,C1,Natural gas,E,C3,5589.734019
Single-family,Landlords,C2,Natural gas,E,C3,6924.951436
Single-family,Landlords,C3,Natural gas,E,C3,5852.717668
Single-family,Landlords,C4,Natural gas,E,C3,5225.214992
Single-family,Landlords,C5,Natural gas,E,C3,2778.919824
Single-family,Landlords,C1,Natural gas,D,C3,661.1733951
Single-family,Landlords,C2,Natural gas,D,C3,1188.090514
Single-family,Landlords,C3,Natural gas,D,C3,2761.608333
Single-family,Landlords,C4,Natural gas,D,C3,4151.409087
Single-family,Landlords,C5,Natural gas,D,C3,584.1582099
Single-family,Landlords,C1,Natural gas,C,C3,1060.095379
Single-family,Landlords,C2,Natural gas,C,C3,2110.10876
Single-family,Landlords,C3,Natural gas,C,C3,10150.12665
Single-family,Landlords,C4,Natural gas,C,C3,3942.635962
Single-family,Landlords,C5,Natural gas,C,C3,2480.143712
Single-family,Landlords,C1,Natural gas,B,C3,147.8744371
Single-family,Landlords,C2,Natural gas,B,C3,295.7488742
Single-family,Landlords,C3,Natural gas,B,C3,1182.995497
Single-family,Landlords,C4,Natural gas,B,C3,887.2466227
Single-family,Landlords,C5,Natural gas,B,C3,443.6233114
Single-family,Landlords,C1,Natural gas,A,C3,0
Single-family,Landlords,C2,Natural gas,A,C3,0
Single-family,Landlords,C3,Natural gas,A,C3,0
Single-family,Landlords,C4,Natural gas,A,C3,0
Single-family,Landlords,C5,Natural gas,A,C3,0
Single-family,Landlords,C1,Natural gas,G,C4,5534.794103
Single-family,Landlords,C2,Natural gas,G,C4,3514.696135
Single-family,Landlords,C3,Natural gas,G,C4,6499.424145
Single-family,Landlords,C4,Natural gas,G,C4,1848.028717
Single-family,Landlords,C5,Natural gas,G,C4,762.6908803
Single-family,Landlords,C1,Natural gas,F,C4,1614.481592
Single-family,Landlords,C2,Natural gas,F,C4,4667.747601
Single-family,Landlords,C3,Natural gas,F,C4,4496.606561
Single-family,Landlords,C4,Natural gas,F,C4,2015.40944
Single-family,Landlords,C5,Natural gas,F,C4,1475.513464
Single-family,Landlords,C1,Natural gas,E,C4,10118.60892
Single-family,Landlords,C2,Natural gas,E,C4,12535.63678
Single-family,Landlords,C3,Natural gas,E,C4,10594.66532
Single-family,Landlords,C4,Natural gas,E,C4,9458.751853
Single-family,Landlords,C5,Natural gas,E,C4,5030.436657
Single-family,Landlords,C1,Natural gas,D,C4,1196.864643
Single-family,Landlords,C2,Natural gas,D,C4,2150.696835
Single-family,Landlords,C3,Natural gas,D,C4,4999.09917
Single-family,Landlords,C4,Natural gas,D,C4,7514.934495
Single-family,Landlords,C5,Natural gas,D,C4,1057.450757
Single-family,Landlords,C1,Natural gas,C,C4,1918.998384
Single-family,Landlords,C2,Natural gas,C,C4,3819.746207
Single-family,Landlords,C3,Natural gas,C,C4,18373.89072
Single-family,Landlords,C4,Natural gas,C,C4,7137.010681
Single-family,Landlords,C5,Natural gas,C,C4,4489.588269
Single-family,Landlords,C1,Natural gas,B,C4,267.6842214
Single-family,Landlords,C2,Natural gas,B,C4,535.3684427
Single-family,Landlords,C3,Natural gas,B,C4,2141.473771
Single-family,Landlords,C4,Natural gas,B,C4,1606.105328
Single-family,Landlords,C5,Natural gas,B,C4,803.0526641
Single-family,Landlords,C1,Natural gas,A,C4,0
Single-family,Landlords,C2,Natural gas,A,C4,0
Single-family,Landlords,C3,Natural gas,A,C4,0
Single-family,Landlords,C4,Natural gas,A,C4,0
Single-family,Landlords,C5,Natural gas,A,C4,0
Single-family,Landlords,C1,Natural gas,G,C5,12910.48496
Single-family,Landlords,C2,Natural gas,G,C5,8198.395594
Single-family,Landlords,C3,Natural gas,G,C5,15160.58522
Single-family,Landlords,C4,Natural gas,G,C5,4310.719878
Single-family,Landlords,C5,Natural gas,G,C5,1779.056087
Single-family,Landlords,C1,Natural gas,F,C5,3765.94683
Single-family,Landlords,C2,Natural gas,F,C5,10888.00849
Single-family,Landlords,C3,Natural gas,F,C5,10488.80415
Single-family,Landlords,C4,Natural gas,F,C5,4701.152883
Single-family,Landlords,C5,Natural gas,F,C5,3441.789166
Single-family,Landlords,C1,Natural gas,E,C5,23602.71148
Single-family,Landlords,C2,Natural gas,E,C5,29240.68125
Single-family,Landlords,C3,Natural gas,E,C5,24713.16274
Single-family,Landlords,C4,Natural gas,E,C5,22063.526
Single-family,Landlords,C5,Natural gas,E,C5,11734.01858
Single-family,Landlords,C1,Natural gas,D,C5,2791.811708
Single-family,Landlords,C2,Natural gas,D,C5,5016.724857
Single-family,Landlords,C3,Natural gas,D,C5,11660.92062
Single-family,Landlords,C4,Natural gas,D,C5,17529.36912
Single-family,Landlords,C5,Natural gas,D,C5,2466.614267
Single-family,Landlords,C1,Natural gas,C,C5,4476.264035
Single-family,Landlords,C2,Natural gas,C,C5,8909.95673
Single-family,Landlords,C3,Natural gas,C,C5,42859.01797
Single-family,Landlords,C4,Natural gas,C,C5,16647.82237
Single-family,Landlords,C5,Natural gas,C,C5,10472.43326
Single-family,Landlords,C1,Natural gas,B,C5,624.401387
Single-family,Landlords,C2,Natural gas,B,C5,1248.802774
Single-family,Landlords,C3,Natural gas,B,C5,4995.211096
Single-family,Landlords,C4,Natural gas,B,C5,3746.408322
Single-family,Landlords,C5,Natural gas,B,C5,1873.204161
Single-family,Landlords,C1,Natural gas,A,C5,0
Single-family,Landlords,C2,Natural gas,A,C5,0
Single-family,Landlords,C3,Natural gas,A,C5,0
Single-family,Landlords,C4,Natural gas,A,C5,0
Single-family,Landlords,C5,Natural gas,A,C5,0
Single-family,Landlords,C1,Oil fuel,G,C1,2203.21933
Single-family,Landlords,C2,Oil fuel,G,C1,1399.084829
Single-family,Landlords,C3,Oil fuel,G,C1,2587.206795
Single-family,Landlords,C4,Oil fuel,G,C1,735.6393963
Single-family,Landlords,C5,Oil fuel,G,C1,303.6021321
Single-family,Landlords,C1,Oil fuel,F,C1,841.9938588
Single-family,Landlords,C2,Oil fuel,F,C1,2434.350961
Single-family,Landlords,C3,Oil fuel,F,C1,2345.096488
Single-family,Landlords,C4,Oil fuel,F,C1,1051.088089
Single-family,Landlords,C5,Oil fuel,F,C1,769.5183899
Single-family,Landlords,C1,Oil fuel,E,C1,1584.211681
Single-family,Landlords,C2,Oil fuel,E,C1,1962.631659
Single-family,Landlords,C3,Oil fuel,E,C1,1658.74506
Single-family,Landlords,C4,Oil fuel,E,C1,1480.901702
Single-family,Landlords,C5,Oil fuel,E,C1,787.5861767
Single-family,Landlords,C1,Oil fuel,D,C1,172.3971597
Single-family,Landlords,C2,Oil fuel,D,C1,309.7877675
Single-family,Landlords,C3,Oil fuel,D,C1,720.073488
Single-family,Landlords,C4,Oil fuel,D,C1,1082.456041
Single-family,Landlords,C5,Oil fuel,D,C1,152.3158931
Single-family,Landlords,C1,Oil fuel,C,C1,33.06237432
Single-family,Landlords,C2,Oil fuel,C,C1,65.81031018
Single-family,Landlords,C3,Oil fuel,C,C1,316.5632956
Single-family,Landlords,C4,Oil fuel,C,C1,122.9633754
Single-family,Landlords,C5,Oil fuel,C,C1,77.35100202
Single-family,Landlords,C1,Oil fuel,B,C1,0
Single-family,Landlords,C2,Oil fuel,B,C1,0
Single-family,Landlords,C3,Oil fuel,B,C1,0
Single-family,Landlords,C4,Oil fuel,B,C1,0
Single-family,Landlords,C5,Oil fuel,B,C1,0
Single-family,Landlords,C1,Oil fuel,A,C1,0
Single-family,Landlords,C2,Oil fuel,A,C1,0
Single-family,Landlords,C3,Oil fuel,A,C1,0
Single-family,Landlords,C4,Oil fuel,A,C1,0
Single-family,Landlords,C5,Oil fuel,A,C1,0
Single-family,Landlords,C1,Oil fuel,G,C2,2579.170071
Single-family,Landlords,C2,Oil fuel,G,C2,1637.82047
Single-family,Landlords,C3,Oil fuel,G,C2,3028.680005
Single-family,Landlords,C4,Oil fuel,G,C2,861.1666973
Single-family,Landlords,C5,Oil fuel,G,C2,355.4078897
Single-family,Landlords,C1,Oil fuel,F,C2,985.6691664
Single-family,Landlords,C2,Oil fuel,F,C2,2849.74131
Single-family,Landlords,C3,Oil fuel,F,C2,2745.256721
Single-family,Landlords,C4,Oil fuel,F,C2,1230.442609
Single-family,Landlords,C5,Oil fuel,F,C2,900.8267008
Single-family,Landlords,C1,Oil fuel,E,C2,1854.536812
Single-family,Landlords,C2,Oil fuel,E,C2,2297.529241
Single-family,Landlords,C3,Oil fuel,E,C2,1941.788344
Single-family,Landlords,C4,Oil fuel,E,C2,1733.598329
Single-family,Landlords,C5,Oil fuel,E,C2,921.9775205
Single-family,Landlords,C1,Oil fuel,D,C2,201.8144941
Single-family,Landlords,C2,Oil fuel,D,C2,362.6490233
Single-family,Landlords,C3,Oil fuel,D,C2,842.9446687
Single-family,Landlords,C4,Oil fuel,D,C2,1267.163094
Single-family,Landlords,C5,Oil fuel,D,C2,178.3066204
Single-family,Landlords,C1,Oil fuel,C,C2,38.70403874
Single-family,Landlords,C2,Oil fuel,C,C2,77.03998419
Single-family,Landlords,C3,Oil fuel,C,C2,370.5807072
Single-family,Landlords,C4,Oil fuel,C,C2,143.9454771
Single-family,Landlords,C5,Oil fuel,C,C2,90.54994508
Single-family,Landlords,C1,Oil fuel,B,C2,0
Single-family,Landlords,C2,Oil fuel,B,C2,0
Single-family,Landlords,C3,Oil fuel,B,C2,0
Single-family,Landlords,C4,Oil fuel,B,C2,0
Single-family,Landlords,C5,Oil fuel,B,C2,0
Single-family,Landlords,C1,Oil fuel,A,C2,0
Single-family,Landlords,C2,Oil fuel,A,C2,0
Single-family,Landlords,C3,Oil fuel,A,C2,0
Single-family,Landlords,C4,Oil fuel,A,C2,0
Single-family,Landlords,C5,Oil fuel,A,C2,0
Single-family,Landlords,C1,Oil fuel,G,C3,5691.318047
Single-family,Landlords,C2,Oil fuel,G,C3,3614.09172
Single-family,Landlords,C3,Oil fuel,G,C3,6683.227821
Single-family,Landlords,C4,Oil fuel,G,C3,1900.290958
Single-family,Landlords,C5,Oil fuel,G,C3,784.2597739
Single-family,Landlords,C1,Oil fuel,F,C3,2175.023966
Single-family,Landlords,C2,Oil fuel,F,C3,6288.373278
Single-family,Landlords,C3,Oil fuel,F,C3,6057.812667
Single-family,Landlords,C4,Oil fuel,F,C3,2715.152563
Single-family,Landlords,C5,Oil fuel,F,C3,1987.806589
Single-family,Landlords,C1,Oil fuel,E,C3,4092.308198
Single-family,Landlords,C2,Oil fuel,E,C3,5069.836138
Single-family,Landlords,C3,Oil fuel,E,C3,4284.841534
Single-family,Landlords,C4,Oil fuel,E,C3,3825.43965
Single-family,Landlords,C5,Oil fuel,E,C3,2034.478982
Single-family,Landlords,C1,Oil fuel,D,C3,445.3333595
Single-family,Landlords,C2,Oil fuel,D,C3,800.2384001
Single-family,Landlords,C3,Oil fuel,D,C3,1860.081373
Single-family,Landlords,C4,Oil fuel,D,C3,2796.181712
Single-family,Landlords,C5,Oil fuel,D,C3,393.4597793
Single-family,Landlords,C1,Oil fuel,C,C3,85.4061532
Single-family,Landlords,C2,Oil fuel,C,C3,170.0000544
Single-family,Landlords,C3,Oil fuel,C,C3,817.7408271
Single-family,Landlords,C4,Oil fuel,C,C3,317.6368634
Single-family,Landlords,C5,Oil fuel,C,C3,199.8117699
Single-family,Landlords,C1,Oil fuel,B,C3,0
Single-family,Landlords,C2,Oil fuel,B,C3,0
Single-family,Landlords,C3,Oil fuel,B,C3,0
Single-family,Landlords,C4,Oil fuel,B,C3,0
Single-family,Landlords,C5,Oil fuel,B,C3,0
Single-family,Landlords,C1,Oil fuel,A,C3,0
Single-family,Landlords,C2,Oil fuel,A,C3,0
Single-family,Landlords,C3,Oil fuel,A,C3,0
Single-family,Landlords,C4,Oil fuel,A,C3,0
Single-family,Landlords,C5,Oil fuel,A,C3,0
Single-family,Landlords,C1,Oil fuel,G,C4,10302.49764
Single-family,Landlords,C2,Oil fuel,G,C4,6542.275641
Single-family,Landlords,C3,Oil fuel,G,C4,12098.06556
Single-family,Landlords,C4,Oil fuel,G,C4,3439.931305
Single-family,Landlords,C5,Oil fuel,G,C4,1419.6772
Single-family,Landlords,C1,Oil fuel,F,C4,3937.256552
Single-family,Landlords,C2,Oil fuel,F,C4,11383.29475
Single-family,Landlords,C3,Oil fuel,F,C4,10965.93094
Single-family,Landlords,C4,Oil fuel,F,C4,4915.004334
Single-family,Landlords,C5,Oil fuel,F,C4,3598.353231
Single-family,Landlords,C1,Oil fuel,E,C4,7407.949302
Single-family,Landlords,C2,Oil fuel,E,C4,9177.483039
Single-family,Landlords,C3,Oil fuel,E,C4,7756.475641
Single-family,Landlords,C4,Oil fuel,E,C4,6924.860399
Single-family,Landlords,C5,Oil fuel,E,C4,3682.840203
Single-family,Landlords,C1,Oil fuel,D,C4,806.1482151
Single-family,Landlords,C2,Oil fuel,D,C4,1448.601916
Single-family,Landlords,C3,Oil fuel,D,C4,3367.143392
Single-family,Landlords,C4,Oil fuel,D,C4,5061.684349
Single-family,Landlords,C5,Oil fuel,D,C4,712.2459883
Single-family,Landlords,C1,Oil fuel,C,C4,154.6033247
Single-family,Landlords,C2,Oil fuel,C,C4,307.7363003
Single-family,Landlords,C3,Oil fuel,C,C4,1480.285036
Single-family,Landlords,C4,Oil fuel,C,C4,574.990364
Single-family,Landlords,C5,Oil fuel,C,C4,361.7018537
Single-family,Landlords,C1,Oil fuel,B,C4,0
Single-family,Landlords,C2,Oil fuel,B,C4,0
Single-family,Landlords,C3,Oil fuel,B,C4,0
Single-family,Landlords,C4,Oil fuel,B,C4,0
Single-family,Landlords,C5,Oil fuel,B,C4,0
Single-family,Landlords,C1,Oil fuel,A,C4,0
Single-family,Landlords,C2,Oil fuel,A,C4,0
Single-family,Landlords,C3,Oil fuel,A,C4,0
Single-family,Landlords,C4,Oil fuel,A,C4,0
Single-family,Landlords,C5,Oil fuel,A,C4,0
Single-family,Landlords,C1,Oil fuel,G,C5,24031.65112
Single-family,Landlords,C2,Oil fuel,G,C5,15260.54081
Single-family,Landlords,C3,Oil fuel,G,C5,28220.00071
Single-family,Landlords,C4,Oil fuel,G,C5,8023.998826
Single-family,Landlords,C5,Oil fuel,G,C5,3311.545254
Single-family,Landlords,C1,Oil fuel,F,C5,9184.061876
Single-family,Landlords,C2,Oil fuel,F,C5,26552.72318
Single-family,Landlords,C3,Oil fuel,F,C5,25579.17854
Single-family,Landlords,C4,Oil fuel,F,C5,11464.76063
Single-family,Landlords,C5,Oil fuel,F,C5,8393.534506
Single-family,Landlords,C1,Oil fuel,E,C5,17279.81499
Single-family,Landlords,C2,Oil fuel,E,C5,21407.43713
Single-family,Landlords,C3,Oil fuel,E,C5,18092.78905
Single-family,Landlords,C4,Oil fuel,E,C5,16152.9597
Single-family,Landlords,C5,Oil fuel,E,C5,8590.609188
Single-family,Landlords,C1,Oil fuel,D,C5,1880.424857
Single-family,Landlords,C2,Oil fuel,D,C5,3379.015174
Single-family,Landlords,C3,Oil fuel,D,C5,7854.213424
Single-family,Landlords,C4,Oil fuel,D,C5,11806.90708
Single-family,Landlords,C5,Oil fuel,D,C5,1661.388112
Single-family,Landlords,C1,Oil fuel,C,C5,360.6283922
Single-family,Landlords,C2,Oil fuel,C,C5,717.8270417
Single-family,Landlords,C3,Oil fuel,C,C5,3452.919358
Single-family,Landlords,C4,Oil fuel,C,C5,1341.225041
Single-family,Landlords,C5,Oil fuel,C,C5,843.7073279
Single-family,Landlords,C1,Oil fuel,B,C5,0
Single-family,Landlords,C2,Oil fuel,B,C5,0
Single-family,Landlords,C3,Oil fuel,B,C5,0
Single-family,Landlords,C4,Oil fuel,B,C5,0
Single-family,Landlords,C5,Oil fuel,B,C5,0
Single-family,Landlords,C1,Oil fuel,A,C5,0
Single-family,Landlords,C2,Oil fuel,A,C5,0
Single-family,Landlords,C3,Oil fuel,A,C5,0
Single-family,Landlords,C4,Oil fuel,A,C5,0
Single-family,Landlords,C5,Oil fuel,A,C5,0
Single-family,Landlords,C1,Wood fuel,G,C1,884.339995
Single-family,Landlords,C2,Wood fuel,G,C1,561.572175
Single-family,Landlords,C3,Wood fuel,G,C1,1038.466944
Single-family,Landlords,C4,Wood fuel,G,C1,295.2748876
Single-family,Landlords,C5,Wood fuel,G,C1,121.8614526
Single-family,Landlords,C1,Wood fuel,F,C1,161.589813
Single-family,Landlords,C2,Wood fuel,F,C1,467.184306
Single-family,Landlords,C3,Wood fuel,F,C1,450.0551862
Single-family,Landlords,C4,Wood fuel,F,C1,201.717775
Single-family,Landlords,C5,Wood fuel,F,C1,147.6808072
Single-family,Landlords,C1,Wood fuel,E,C1,453.1594833
Single-family,Landlords,C2,Wood fuel,E,C1,561.4054986
Single-family,Landlords,C3,Wood fuel,E,C1,474.4795557
Single-family,Landlords,C4,Wood fuel,E,C1,423.6079423
Single-family,Landlords,C5,Wood fuel,E,C1,225.286904
Single-family,Landlords,C1,Wood fuel,D,C1,178.4606537
Single-family,Landlords,C2,Wood fuel,D,C1,320.6835171
Single-family,Landlords,C3,Wood fuel,D,C1,745.3996667
Single-family,Landlords,C4,Wood fuel,D,C1,1120.527815
Single-family,Landlords,C5,Wood fuel,D,C1,157.6730957
Single-family,Landlords,C1,Wood fuel,C,C1,0
Single-family,Landlords,C2,Wood fuel,C,C1,0
Single-family,Landlords,C3,Wood fuel,C,C1,0
Single-family,Landlords,C4,Wood fuel,C,C1,0
Single-family,Landlords,C5,Wood fuel,C,C1,0
Single-family,Landlords,C1,Wood fuel,B,C1,0
Single-family,Landlords,C2,Wood fuel,B,C1,0
Single-family,Landlords,C3,Wood fuel,B,C1,0
Single-family,Landlords,C4,Wood fuel,B,C1,0
Single-family,Landlords,C5,Wood fuel,B,C1,0
Single-family,Landlords,C1,Wood fuel,A,C1,850.1080543
Single-family,Landlords,C2,Wood fuel,A,C1,850.1080543
Single-family,Landlords,C3,Wood fuel,A,C1,850.1080543
Single-family,Landlords,C4,Wood fuel,A,C1,850.1080543
Single-family,Landlords,C5,Wood fuel,A,C1,850.1080543
Single-family,Landlords,C1,Wood fuel,G,C2,1035.24112
Single-family,Landlords,C2,Wood fuel,G,C2,657.3971672
Single-family,Landlords,C3,Wood fuel,G,C2,1215.667829
Single-family,Landlords,C4,Wood fuel,G,C2,345.6597091
Single-family,Landlords,C5,Wood fuel,G,C2,142.6555255
Single-family,Landlords,C1,Wood fuel,F,C2,189.1630142
Single-family,Landlords,C2,Wood fuel,F,C2,546.9032351
Single-family,Landlords,C3,Wood fuel,F,C2,526.8512537
Single-family,Landlords,C4,Wood fuel,F,C2,236.1382913
Single-family,Landlords,C5,Wood fuel,F,C2,172.8806173
Single-family,Landlords,C1,Wood fuel,E,C2,530.4852589
Single-family,Landlords,C2,Wood fuel,E,C2,657.2020498
Single-family,Landlords,C3,Wood fuel,E,C2,555.4433246
Single-family,Landlords,C4,Wood fuel,E,C2,495.8911316
Single-family,Landlords,C5,Wood fuel,E,C2,263.7291859
Single-family,Landlords,C1,Wood fuel,D,C2,208.9126446
Single-family,Landlords,C2,Wood fuel,D,C2,375.403991
Single-family,Landlords,C3,Wood fuel,D,C2,872.592431
Single-family,Landlords,C4,Wood fuel,D,C2,1311.731321
Single-family,Landlords,C5,Wood fuel,D,C2,184.57796
Single-family,Landlords,C1,Wood fuel,C,C2,0
Single-family,Landlords,C2,Wood fuel,C,C2,0
Single-family,Landlords,C3,Wood fuel,C,C2,0
Single-family,Landlords,C4,Wood fuel,C,C2,0
Single-family,Landlords,C5,Wood fuel,C,C2,0
Single-family,Landlords,C1,Wood fuel,B,C2,0
Single-family,Landlords,C2,Wood fuel,B,C2,0
Single-family,Landlords,C3,Wood fuel,B,C2,0
Single-family,Landlords,C4,Wood fuel,B,C2,0
Single-family,Landlords,C5,Wood fuel,B,C2,0
Single-family,Landlords,C1,Wood fuel,A,C2,850.1080543
Single-family,Landlords,C2,Wood fuel,A,C2,850.1080543
Single-family,Landlords,C3,Wood fuel,A,C2,850.1080543
Single-family,Landlords,C4,Wood fuel,A,C2,850.1080543
Single-family,Landlords,C5,Wood fuel,A,C2,850.1080543
Single-family,Landlords,C1,Wood fuel,G,C3,2284.411772
Single-family,Landlords,C2,Wood fuel,G,C3,1450.643525
Single-family,Landlords,C3,Wood fuel,G,C3,2682.549839
Single-family,Landlords,C4,Wood fuel,G,C3,762.7489801
Single-family,Landlords,C5,Wood fuel,G,C3,314.7903956
Single-family,Landlords,C1,Wood fuel,F,C3,417.4160085
Single-family,Landlords,C2,Wood fuel,F,C3,1206.822414
Single-family,Landlords,C3,Wood fuel,F,C3,1162.574769
Single-family,Landlords,C4,Wood fuel,F,C3,521.0738655
Single-family,Landlords,C5,Wood fuel,F,C3,381.4865055
Single-family,Landlords,C1,Wood fuel,E,C3,1170.593735
Single-family,Landlords,C2,Wood fuel,E,C3,1450.212969
Single-family,Landlords,C3,Wood fuel,E,C3,1225.667378
Single-family,Landlords,C4,Wood fuel,E,C3,1094.256706
Single-family,Landlords,C5,Wood fuel,E,C3,581.957232
Single-family,Landlords,C1,Wood fuel,D,C3,460.9964725
Single-family,Landlords,C2,Wood fuel,D,C3,828.384112
Single-family,Landlords,C3,Wood fuel,D,C3,1925.50352
Single-family,Landlords,C4,Wood fuel,D,C3,2894.528061
Single-family,Landlords,C5,Wood fuel,D,C3,407.2984124
Single-family,Landlords,C1,Wood fuel,C,C3,0
Single-family,Landlords,C2,Wood fuel,C,C3,0
Single-family,Landlords,C3,Wood fuel,C,C3,0
Single-family,Landlords,C4,Wood fuel,C,C3,0
Single-family,Landlords,C5,Wood fuel,C,C3,0
Single-family,Landlords,C1,Wood fuel,B,C3,0
Single-family,Landlords,C2,Wood fuel,B,C3,0
Single-family,Landlords,C3,Wood fuel,B,C3,0
Single-family,Landlords,C4,Wood fuel,B,C3,0
Single-family,Landlords,C5,Wood fuel,B,C3,0
Single-family,Landlords,C1,Wood fuel,A,C3,850.1080543
Single-family,Landlords,C2,Wood fuel,A,C3,850.1080543
Single-family,Landlords,C3,Wood fuel,A,C3,850.1080543
Single-family,Landlords,C4,Wood fuel,A,C3,850.1080543
Single-family,Landlords,C5,Wood fuel,A,C3,850.1080543
Single-family,Landlords,C1,Wood fuel,G,C4,4135.271777
Single-family,Landlords,C2,Wood fuel,G,C4,2625.973697
Single-family,Landlords,C3,Wood fuel,G,C4,4855.986462
Single-family,Landlords,C4,Wood fuel,G,C4,1380.738083
Single-family,Landlords,C5,Wood fuel,G,C4,569.8376513
Single-family,Landlords,C1,Wood fuel,F,C4,755.6118648
Single-family,Landlords,C2,Wood fuel,F,C4,2184.605565
Single-family,Landlords,C3,Wood fuel,F,C4,2104.507903
Single-family,Landlords,C4,Wood fuel,F,C4,943.2546601
Single-family,Landlords,C5,Wood fuel,F,C4,690.571813
Single-family,Landlords,C1,Wood fuel,E,C4,2119.023942
Single-family,Landlords,C2,Wood fuel,E,C4,2625.1943
Single-family,Landlords,C3,Wood fuel,E,C4,2218.718962
Single-family,Landlords,C4,Wood fuel,E,C4,1980.837662
Single-family,Landlords,C5,Wood fuel,E,C4,1053.466519
Single-family,Landlords,C1,Wood fuel,D,C4,834.5017851
Single-family,Landlords,C2,Wood fuel,D,C4,1499.551648
Single-family,Landlords,C3,Wood fuel,D,C4,3485.571411
Single-family,Landlords,C4,Wood fuel,D,C4,5239.712184
Single-family,Landlords,C5,Wood fuel,D,C4,737.2968613
Single-family,Landlords,C1,Wood fuel,C,C4,0
Single-family,Landlords,C2,Wood fuel,C,C4,0
Single-family,Landlords,C3,Wood fuel,C,C4,0
Single-family,Landlords,C4,Wood fuel,C,C4,0
Single-family,Landlords,C5,Wood fuel,C,C4,0
Single-family,Landlords,C1,Wood fuel,B,C4,0
Single-family,Landlords,C2,Wood fuel,B,C4,0
Single-family,Landlords,C3,Wood fuel,B,C4,0
Single-family,Landlords,C4,Wood fuel,B,C4,0
Single-family,Landlords,C5,Wood fuel,B,C4,0
Single-family,Landlords,C1,Wood fuel,A,C4,850.1080543
Single-family,Landlords,C2,Wood fuel,A,C4,850.1080543
Single-family,Landlords,C3,Wood fuel,A,C4,850.1080543
Single-family,Landlords,C4,Wood fuel,A,C4,850.1080543
Single-family,Landlords,C5,Wood fuel,A,C4,850.1080543
Single-family,Landlords,C1,Wood fuel,G,C5,9645.953055
Single-family,Landlords,C2,Wood fuel,G,C5,6125.357744
Single-family,Landlords,C3,Wood fuel,G,C5,11327.09528
Single-family,Landlords,C4,Wood fuel,G,C5,3220.715698
Single-family,Landlords,C5,Wood fuel,G,C5,1329.205801
Single-family,Landlords,C1,Wood fuel,F,C5,1762.543545
Single-family,Landlords,C2,Wood fuel,F,C5,5095.820507
Single-family,Landlords,C3,Wood fuel,F,C5,4908.984351
Single-family,Landlords,C4,Wood fuel,F,C5,2200.239951
Single-family,Landlords,C5,Wood fuel,F,C5,1610.830835
Single-family,Landlords,C1,Wood fuel,E,C5,4942.844523
Single-family,Landlords,C2,Wood fuel,E,C5,6123.539718
Single-family,Landlords,C3,Wood fuel,E,C5,5175.393564
Single-family,Landlords,C4,Wood fuel,E,C5,4620.510603
Single-family,Landlords,C5,Wood fuel,E,C5,2457.320614
Single-family,Landlords,C1,Wood fuel,D,C5,1946.562518
Single-family,Landlords,C2,Wood fuel,D,C5,3497.860742
Single-family,Landlords,C3,Wood fuel,D,C5,8130.459136
Single-family,Landlords,C4,Wood fuel,D,C5,12222.17559
Single-family,Landlords,C5,Wood fuel,D,C5,1719.821887
Single-family,Landlords,C1,Wood fuel,C,C5,0
Single-family,Landlords,C2,Wood fuel,C,C5,0
Single-family,Landlords,C3,Wood fuel,C,C5,0
Single-family,Landlords,C4,Wood fuel,C,C5,0
Single-family,Landlords,C5,Wood fuel,C,C5,0
Single-family,Landlords,C1,Wood fuel,B,C5,0
Single-family,Landlords,C2,Wood fuel,B,C5,0
Single-family,Landlords,C3,Wood fuel,B,C5,0
Single-family,Landlords,C4,Wood fuel,B,C5,0
Single-family,Landlords,C5,Wood fuel,B,C5,0
Single-family,Landlords,C1,Wood fuel,A,C5,850.1080543
Single-family,Landlords,C2,Wood fuel,A,C5,850.1080543
Single-family,Landlords,C3,Wood fuel,A,C5,850.1080543
Single-family,Landlords,C4,Wood fuel,A,C5,850.1080543
Single-family,Landlords,C5,Wood fuel,A,C5,850.1080543
Multi-family,Landlords,C1,Power,G,C1,17178.11422
Multi-family,Landlords,C2,Power,G,C1,12924.95623
Multi-family,Landlords,C3,Power,G,C1,7636.33129
Multi-family,Landlords,C4,Power,G,C1,1679.806182
Multi-family,Landlords,C5,Power,G,C1,2489.844463
Multi-family,Landlords,C1,Power,F,C1,10157.63407
Multi-family,Landlords,C2,Power,F,C1,7386.129053
Multi-family,Landlords,C3,Power,F,C1,3313.031987
Multi-family,Landlords,C4,Power,F,C1,1460.369469
Multi-family,Landlords,C5,Power,F,C1,1748.107215
Multi-family,Landlords,C1,Power,E,C1,8631.850435
Multi-family,Landlords,C2,Power,E,C1,10527.32979
Multi-family,Landlords,C3,Power,E,C1,8769.254918
Multi-family,Landlords,C4,Power,E,C1,5287.866637
Multi-family,Landlords,C5,Power,E,C1,1587.76767
Multi-family,Landlords,C1,Power,D,C1,5183.186127
Multi-family,Landlords,C2,Power,D,C1,2859.077067
Multi-family,Landlords,C3,Power,D,C1,5238.991676
Multi-family,Landlords,C4,Power,D,C1,1314.357147
Multi-family,Landlords,C5,Power,D,C1,620.4796883
Multi-family,Landlords,C1,Power,C,C1,1723.267207
Multi-family,Landlords,C2,Power,C,C1,601.0780195
Multi-family,Landlords,C3,Power,C,C1,1114.811599
Multi-family,Landlords,C4,Power,C,C1,1727.181457
Multi-family,Landlords,C5,Power,C,C1,0
Multi-family,Landlords,C1,Power,B,C1,3263.184223
Multi-family,Landlords,C2,Power,B,C1,3263.184223
Multi-family,Landlords,C3,Power,B,C1,3263.184223
Multi-family,Landlords,C4,Power,B,C1,3263.184223
Multi-family,Landlords,C5,Power,B,C1,3263.184223
Multi-family,Landlords,C1,Power,A,C1,620.1526578
Multi-family,Landlords,C2,Power,A,C1,620.1526578
Multi-family,Landlords,C3,Power,A,C1,620.1526578
Multi-family,Landlords,C4,Power,A,C1,620.1526578
Multi-family,Landlords,C5,Power,A,C1,620.1526578
Multi-family,Landlords,C1,Power,G,C2,20109.33613
Multi-family,Landlords,C2,Power,G,C2,15130.43201
Multi-family,Landlords,C3,Power,G,C2,8939.371967
Multi-family,Landlords,C4,Power,G,C2,1966.443272
Multi-family,Landlords,C5,Power,G,C2,2914.704057
Multi-family,Landlords,C1,Power,F,C2,11890.90229
Multi-family,Landlords,C2,Power,F,C2,8646.47597
Multi-family,Landlords,C3,Power,F,C2,3878.357833
Multi-family,Landlords,C4,Power,F,C2,1709.562537
Multi-family,Landlords,C5,Power,F,C2,2046.398989
Multi-family,Landlords,C1,Power,E,C2,10104.76351
Multi-family,Landlords,C2,Power,E,C2,12323.68178
Multi-family,Landlords,C3,Power,E,C2,10265.61428
Multi-family,Landlords,C4,Power,E,C2,6190.172344
Multi-family,Landlords,C5,Power,E,C2,1858.699584
Multi-family,Landlords,C1,Power,D,C2,6067.629467
Multi-family,Landlords,C2,Power,D,C2,3346.941405
Multi-family,Landlords,C3,Power,D,C2,6132.957508
Multi-family,Landlords,C4,Power,D,C2,1538.63511
Multi-family,Landlords,C5,Power,D,C2,726.356482
Multi-family,Landlords,C1,Power,C,C2,2017.320356
Multi-family,Landlords,C2,Power,C,C2,703.6441705
Multi-family,Landlords,C3,Power,C,C2,1305.039708
Multi-family,Landlords,C4,Power,C,C2,2021.902522
Multi-family,Landlords,C5,Power,C,C2,0
Multi-family,Landlords,C1,Power,B,C2,3263.184223
Multi-family,Landlords,C2,Power,B,C2,3263.184223
Multi-family,Landlords,C3,Power,B,C2,3263.184223
Multi-family,Landlords,C4,Power,B,C2,3263.184223
Multi-family,Landlords,C5,Power,B,C2,3263.184223
Multi-family,Landlords,C1,Power,A,C2,620.1526578
Multi-family,Landlords,C2,Power,A,C2,620.1526578
Multi-family,Landlords,C3,Power,A,C2,620.1526578
Multi-family,Landlords,C4,Power,A,C2,620.1526578
Multi-family,Landlords,C5,Power,A,C2,620.1526578
Multi-family,Landlords,C1,Power,G,C3,44374.20739
Multi-family,Landlords,C2,Power,G,C3,33387.52327
Multi-family,Landlords,C3,Power,G,C3,19726.03884
Multi-family,Landlords,C4,Power,G,C3,4339.246258
Multi-family,Landlords,C5,Power,G,C3,6431.723128
Multi-family,Landlords,C1,Power,F,C3,26239.02454
Multi-family,Landlords,C2,Power,F,C3,19079.72075
Multi-family,Landlords,C3,Power,F,C3,8558.166898
Multi-family,Landlords,C4,Power,F,C3,3772.401141
Multi-family,Landlords,C5,Power,F,C3,4515.680307
Multi-family,Landlords,C1,Power,E,C3,22297.64667
Multi-family,Landlords,C2,Power,E,C3,27194.01614
Multi-family,Landlords,C3,Power,E,C3,22652.58755
Multi-family,Landlords,C4,Power,E,C3,13659.52559
Multi-family,Landlords,C5,Power,E,C3,4101.493967
Multi-family,Landlords,C1,Power,D,C3,13389.11671
Multi-family,Landlords,C2,Power,D,C3,7385.518403
Multi-family,Landlords,C3,Power,D,C3,13533.27264
Multi-family,Landlords,C4,Power,D,C3,3395.224637
Multi-family,Landlords,C5,Power,D,C3,1602.812394
Multi-family,Landlords,C1,Power,C,C3,4451.514027
Multi-family,Landlords,C2,Power,C,C3,1552.694338
Multi-family,Landlords,C3,Power,C,C3,2879.762031
Multi-family,Landlords,C4,Power,C,C3,4461.62525
Multi-family,Landlords,C5,Power,C,C3,0
Multi-family,Landlords,C1,Power,B,C3,3263.184223
Multi-family,Landlords,C2,Power,B,C3,3263.184223
Multi-family,Landlords,C3,Power,B,C3,3263.184223
Multi-family,Landlords,C4,Power,B,C3,3263.184223
Multi-family,Landlords,C5,Power,B,C3,3263.184223
Multi-family,Landlords,C1,Power,A,C3,620.1526578
Multi-family,Landlords,C2,Power,A,C3,620.1526578
Multi-family,Landlords,C3,Power,A,C3,620.1526578
Multi-family,Landlords,C4,Power,A,C3,620.1526578
Multi-family,Landlords,C5,Power,A,C3,620.1526578
Multi-family,Landlords,C1,Power,G,C4,80326.76494
Multi-family,Landlords,C2,Power,G,C4,60438.52704
Multi-family,Landlords,C3,Power,G,C4,35708.33099
Multi-family,Landlords,C4,Power,G,C4,7854.959777
Multi-family,Landlords,C5,Power,G,C4,11642.78851
Multi-family,Landlords,C1,Power,F,C4,47498.22206
Multi-family,Landlords,C2,Power,F,C4,34538.35761
Multi-family,Landlords,C3,Power,F,C4,15492.10456
Multi-family,Landlords,C4,Power,F,C4,6828.849402
Multi-family,Landlords,C5,Power,F,C4,8174.342974
Multi-family,Landlords,C1,Power,E,C4,40363.48879
Multi-family,Landlords,C2,Power,E,C4,49226.96023
Multi-family,Landlords,C3,Power,E,C4,41006.00737
Multi-family,Landlords,C4,Power,E,C4,24726.65014
Multi-family,Landlords,C5,Power,E,C4,7424.577501
Multi-family,Landlords,C1,Power,D,C4,24237.15248
Multi-family,Landlords,C2,Power,D,C4,13369.36107
Multi-family,Landlords,C3,Power,D,C4,24498.10541
Multi-family,Landlords,C4,Power,D,C4,6146.079613
Multi-family,Landlords,C5,Power,D,C4,2901.431754
Multi-family,Landlords,C1,Power,C,C4,8058.188344
Multi-family,Landlords,C2,Power,C,C4,2810.707401
Multi-family,Landlords,C3,Power,C,C4,5212.982526
Multi-family,Landlords,C4,Power,C,C4,8076.491813
Multi-family,Landlords,C5,Power,C,C4,0
Multi-family,Landlords,C1,Power,B,C4,3263.184223
Multi-family,Landlords,C2,Power,B,C4,3263.184223
Multi-family,Landlords,C3,Power,B,C4,3263.184223
Multi-family,Landlords,C4,Power,B,C4,3263.184223
Multi-family,Landlords,C5,Power,B,C4,3263.184223
Multi-family,Landlords,C1,Power,A,C4,620.1526578
Multi-family,Landlords,C2,Power,A,C4,620.1526578
Multi-family,Landlords,C3,Power,A,C4,620.1526578
Multi-family,Landlords,C4,Power,A,C4,620.1526578
Multi-family,Landlords,C5,Power,A,C4,620.1526578
Multi-family,Landlords,C1,Power,G,C5,187370.5637
Multi-family,Landlords,C2,Power,G,C5,140979.1729
Multi-family,Landlords,C3,Power,G,C5,83293.40926
Multi-family,Landlords,C4,Power,G,C5,18322.51358
Multi-family,Landlords,C5,Power,G,C5,27158.01946
Multi-family,Landlords,C1,Power,F,C5,110794.5608
Multi-family,Landlords,C2,Power,F,C5,80564.32426
Multi-family,Landlords,C3,Power,F,C5,36136.95095
Multi-family,Landlords,C4,Power,F,C5,15929.00403
Multi-family,Landlords,C5,Power,F,C5,19067.50823
Multi-family,Landlords,C1,Power,E,C5,94152.05072
Multi-family,Landlords,C2,Power,E,C5,114827.023
Multi-family,Landlords,C3,Power,E,C5,95650.79238
Multi-family,Landlords,C4,Power,E,C5,57677.49239
Multi-family,Landlords,C5,Power,E,C5,17318.60199
Multi-family,Landlords,C1,Power,D,C5,56535.688
Multi-family,Landlords,C2,Power,D,C5,31185.43017
Multi-family,Landlords,C3,Power,D,C5,57144.38794
Multi-family,Landlords,C4,Power,D,C5,14336.37222
Multi-family,Landlords,C5,Power,D,C5,6767.892414
Multi-family,Landlords,C1,Power,C,C5,18796.56543
Multi-family,Landlords,C2,Power,C,C5,6556.268393
Multi-family,Landlords,C3,Power,C,C5,12159.82587
Multi-family,Landlords,C4,Power,C,C5,18839.26018
Multi-family,Landlords,C5,Power,C,C5,0
Multi-family,Landlords,C1,Power,B,C5,3263.184223
Multi-family,Landlords,C2,Power,B,C5,3263.184223
Multi-family,Landlords,C3,Power,B,C5,3263.184223
Multi-family,Landlords,C4,Power,B,C5,3263.184223
Multi-family,Landlords,C5,Power,B,C5,3263.184223
Multi-family,Landlords,C1,Power,A,C5,620.1526578
Multi-family,Landlords,C2,Power,A,C5,620.1526578
Multi-family,Landlords,C3,Power,A,C5,620.1526578
Multi-family,Landlords,C4,Power,A,C5,620.1526578
Multi-family,Landlords,C5,Power,A,C5,620.1526578
Multi-family,Landlords,C1,Natural gas,G,C1,2462.744359
Multi-family,Landlords,C2,Natural gas,G,C1,1852.98937
Multi-family,Landlords,C3,Natural gas,G,C1,1094.78442
Multi-family,Landlords,C4,Natural gas,G,C1,240.8258057
Multi-family,Landlords,C5,Natural gas,G,C1,356.9571331
Multi-family,Landlords,C1,Natural gas,F,C1,3265.344685
Multi-family,Landlords,C2,Natural gas,F,C1,2374.397137
Multi-family,Landlords,C3,Natural gas,F,C1,1065.030628
Multi-family,Landlords,C4,Natural gas,F,C1,469.460669
Multi-family,Landlords,C5,Natural gas,F,C1,561.9588741
Multi-family,Landlords,C1,Natural gas,E,C1,4031.555811
Multi-family,Landlords,C2,Natural gas,E,C1,4916.850439
Multi-family,Landlords,C3,Natural gas,E,C1,4095.731372
Multi-family,Landlords,C4,Natural gas,E,C1,2469.728783
Multi-family,Landlords,C5,Natural gas,E,C1,741.5760992
Multi-family,Landlords,C1,Natural gas,D,C1,4031.187797
Multi-family,Landlords,C2,Natural gas,D,C1,2223.627765
Multi-family,Landlords,C3,Natural gas,D,C1,4074.590183
Multi-family,Landlords,C4,Natural gas,D,C1,1022.232342
Multi-family,Landlords,C5,Natural gas,D,C1,482.5738622
Multi-family,Landlords,C1,Natural gas,C,C1,1894.255279
Multi-family,Landlords,C2,Natural gas,C,C1,660.7188989
Multi-family,Landlords,C3,Natural gas,C,C1,1225.426764
Multi-family,Landlords,C4,Natural gas,C,C1,1898.557913
Multi-family,Landlords,C5,Natural gas,C,C1,0
Multi-family,Landlords,C1,Natural gas,B,C1,1265.042053
Multi-family,Landlords,C2,Natural gas,B,C1,655.9477314
Multi-family,Landlords,C3,Natural gas,B,C1,1311.895463
Multi-family,Landlords,C4,Natural gas,B,C1,937.0681878
Multi-family,Landlords,C5,Natural gas,B,C1,515.3875033
Multi-family,Landlords,C1,Natural gas,A,C1,2094.87994
Multi-family,Landlords,C2,Natural gas,A,C1,2094.87994
Multi-family,Landlords,C3,Natural gas,A,C1,2094.87994
Multi-family,Landlords,C4,Natural gas,A,C1,2094.87994
Multi-family,Landlords,C5,Natural gas,A,C1,2094.87994
Multi-family,Landlords,C1,Natural gas,G,C2,2882.979672
Multi-family,Landlords,C2,Natural gas,G,C2,2169.17792
Multi-family,Landlords,C3,Natural gas,G,C2,1281.59515
Multi-family,Landlords,C4,Natural gas,G,C2,281.9195991
Multi-family,Landlords,C5,Natural gas,G,C2,417.867228
Multi-family,Landlords,C1,Natural gas,F,C2,3822.533312
Multi-family,Landlords,C2,Natural gas,F,C2,2779.557146
Multi-family,Landlords,C3,Natural gas,F,C2,1246.764261
Multi-family,Landlords,C4,Natural gas,F,C2,549.56803
Multi-family,Landlords,C5,Natural gas,F,C2,657.8498514
Multi-family,Landlords,C1,Natural gas,E,C2,4719.488406
Multi-family,Landlords,C2,Natural gas,E,C2,5755.847055
Multi-family,Landlords,C3,Natural gas,E,C2,4794.614692
Multi-family,Landlords,C4,Natural gas,E,C2,2891.155897
Multi-family,Landlords,C5,Natural gas,E,C2,868.1164212
Multi-family,Landlords,C1,Natural gas,D,C2,4719.057593
Multi-family,Landlords,C2,Natural gas,D,C2,2603.060938
Multi-family,Landlords,C3,Natural gas,D,C2,4769.866033
Multi-family,Landlords,C4,Natural gas,D,C2,1196.663003
Multi-family,Landlords,C5,Natural gas,D,C2,564.9188189
Multi-family,Landlords,C1,Natural gas,C,C2,2217.48532
Multi-family,Landlords,C2,Natural gas,C,C2,773.4619908
Multi-family,Landlords,C3,Natural gas,C,C2,1434.529913
Multi-family,Landlords,C4,Natural gas,C,C2,2222.522143
Multi-family,Landlords,C5,Natural gas,C,C2,0
Multi-family,Landlords,C1,Natural gas,B,C2,1480.905036
Multi-family,Landlords,C2,Natural gas,B,C2,767.8766851
Multi-family,Landlords,C3,Natural gas,B,C2,1535.75337
Multi-family,Landlords,C4,Natural gas,B,C2,1096.966693
Multi-family,Landlords,C5,Natural gas,B,C2,603.3316812
Multi-family,Landlords,C1,Natural gas,A,C2,2094.87994
Multi-family,Landlords,C2,Natural gas,A,C2,2094.87994
Multi-family,Landlords,C3,Natural gas,A,C2,2094.87994
Multi-family,Landlords,C4,Natural gas,A,C2,2094.87994
Multi-family,Landlords,C5,Natural gas,A,C2,2094.87994
Multi-family,Landlords,C1,Natural gas,G,C3,6361.71861
Multi-family,Landlords,C2,Natural gas,G,C3,4786.610074
Multi-family,Landlords,C3,Natural gas,G,C3,2828.028167
Multi-family,Landlords,C4,Natural gas,G,C3,622.0970537
Multi-family,Landlords,C5,Natural gas,G,C3,922.0854889
Multi-family,Landlords,C1,Natural gas,F,C3,8434.981884
Multi-family,Landlords,C2,Natural gas,F,C3,6133.501596
Multi-family,Landlords,C3,Natural gas,F,C3,2751.168689
Multi-family,Landlords,C4,Natural gas,F,C3,1212.702676
Multi-family,Landlords,C5,Natural gas,F,C3,1451.642439
Multi-family,Landlords,C1,Natural gas,E,C3,10414.24521
Multi-family,Landlords,C2,Natural gas,E,C3,12701.12297
Multi-family,Landlords,C3,Natural gas,E,C3,10580.0224
Multi-family,Landlords,C4,Natural gas,E,C3,6379.760653
Multi-family,Landlords,C5,Natural gas,E,C3,1915.626547
Multi-family,Landlords,C1,Natural gas,D,C3,10413.29455
Multi-family,Landlords,C2,Natural gas,D,C3,5744.036761
Multi-family,Landlords,C3,Natural gas,D,C3,10525.41085
Multi-family,Landlords,C4,Natural gas,D,C3,2640.612895
Multi-family,Landlords,C5,Natural gas,D,C3,1246.57645
Multi-family,Landlords,C1,Natural gas,C,C3,4893.207455
Multi-family,Landlords,C2,Natural gas,C,C3,1706.757626
Multi-family,Landlords,C3,Natural gas,C,C3,3165.50121
Multi-family,Landlords,C4,Natural gas,C,C3,4904.321947
Multi-family,Landlords,C5,Natural gas,C,C3,0
Multi-family,Landlords,C1,Natural gas,B,C3,3267.83474
Multi-family,Landlords,C2,Natural gas,B,C3,1694.432828
Multi-family,Landlords,C3,Natural gas,B,C3,3388.865656
Multi-family,Landlords,C4,Natural gas,B,C3,2420.618326
Multi-family,Landlords,C5,Natural gas,B,C3,1331.340079
Multi-family,Landlords,C1,Natural gas,A,C3,2094.87994
Multi-family,Landlords,C2,Natural gas,A,C3,2094.87994
Multi-family,Landlords,C3,Natural gas,A,C3,2094.87994
Multi-family,Landlords,C4,Natural gas,A,C3,2094.87994
Multi-family,Landlords,C5,Natural gas,A,C3,2094.87994
Multi-family,Landlords,C1,Natural gas,G,C4,11516.06542
Multi-family,Landlords,C2,Natural gas,G,C4,8664.783548
Multi-family,Landlords,C3,Natural gas,G,C4,5119.333215
Multi-family,Landlords,C4,Natural gas,G,C4,1126.128144
Multi-family,Landlords,C5,Natural gas,G,C4,1669.171094
Multi-family,Landlords,C1,Natural gas,F,C4,15269.11346
Multi-family,Landlords,C2,Natural gas,F,C4,11102.94403
Multi-family,Landlords,C3,Natural gas,F,C4,4980.201193
Multi-family,Landlords,C4,Natural gas,F,C4,2195.250091
Multi-family,Landlords,C5,Natural gas,F,C4,2627.781944
Multi-family,Landlords,C1,Natural gas,E,C4,18852.00155
Multi-family,Landlords,C2,Natural gas,E,C4,22991.73729
Multi-family,Landlords,C3,Natural gas,E,C4,19152.09358
Multi-family,Landlords,C4,Natural gas,E,C4,11548.72536
Multi-family,Landlords,C5,Natural gas,E,C4,3467.691985
Multi-family,Landlords,C1,Natural gas,D,C4,18850.28067
Multi-family,Landlords,C2,Natural gas,D,C4,10397.92974
Multi-family,Landlords,C3,Natural gas,D,C4,19053.23504
Multi-family,Landlords,C4,Natural gas,D,C4,4780.071662
Multi-family,Landlords,C5,Natural gas,D,C4,2256.568834
Multi-family,Landlords,C1,Natural gas,C,C4,8857.747513
Multi-family,Landlords,C2,Natural gas,C,C4,3089.59476
Multi-family,Landlords,C3,Natural gas,C,C4,5730.231291
Multi-family,Landlords,C4,Natural gas,C,C4,8877.86711
Multi-family,Landlords,C5,Natural gas,C,C4,0
Multi-family,Landlords,C1,Natural gas,B,C4,5915.47677
Multi-family,Landlords,C2,Natural gas,B,C4,3067.284251
Multi-family,Landlords,C3,Natural gas,B,C4,6134.568502
Multi-family,Landlords,C4,Natural gas,B,C4,4381.834644
Multi-family,Landlords,C5,Natural gas,B,C4,2410.009054
Multi-family,Landlords,C1,Natural gas,A,C4,2094.87994
Multi-family,Landlords,C2,Natural gas,A,C4,2094.87994
Multi-family,Landlords,C3,Natural gas,A,C4,2094.87994
Multi-family,Landlords,C4,Natural gas,A,C4,2094.87994
Multi-family,Landlords,C5,Natural gas,A,C4,2094.87994
Multi-family,Landlords,C1,Natural gas,G,C5,26862.42464
Multi-family,Landlords,C2,Natural gas,G,C5,20211.51206
Multi-family,Landlords,C3,Natural gas,G,C5,11941.37908
Multi-family,Landlords,C4,Natural gas,G,C5,2626.81144
Multi-family,Landlords,C5,Natural gas,G,C5,3893.515805
Multi-family,Landlords,C1,Natural gas,F,C5,35616.80091
Multi-family,Landlords,C2,Natural gas,F,C5,25898.77586
Multi-family,Landlords,C3,Natural gas,F,C5,11616.83911
Multi-family,Landlords,C4,Natural gas,F,C5,5120.649976
Multi-family,Landlords,C5,Natural gas,F,C5,6129.57567
Multi-family,Landlords,C1,Natural gas,E,C5,43974.26137
Multi-family,Landlords,C2,Natural gas,E,C5,53630.6271
Multi-family,Landlords,C3,Natural gas,E,C5,44674.25736
Multi-family,Landlords,C4,Natural gas,E,C5,26938.60735
Multi-family,Landlords,C5,Natural gas,E,C5,8088.753509
Multi-family,Landlords,C1,Natural gas,D,C5,43970.24723
Multi-family,Landlords,C2,Natural gas,D,C5,24254.25644
Multi-family,Landlords,C3,Natural gas,D,C5,44443.65947
Multi-family,Landlords,C4,Natural gas,D,C5,11150.01609
Multi-family,Landlords,C5,Natural gas,D,C5,5263.682343
Multi-family,Landlords,C1,Natural gas,C,C5,20661.62064
Multi-family,Landlords,C2,Natural gas,C,C5,7206.802268
Multi-family,Landlords,C3,Natural gas,C,C5,13366.3626
Multi-family,Landlords,C4,Natural gas,C,C5,20708.5517
Multi-family,Landlords,C5,Natural gas,C,C5,0
Multi-family,Landlords,C1,Natural gas,B,C5,13798.46702
Multi-family,Landlords,C2,Natural gas,B,C5,7154.760678
Multi-family,Landlords,C3,Natural gas,B,C5,14309.52136
Multi-family,Landlords,C4,Natural gas,B,C5,10221.08668
Multi-family,Landlords,C5,Natural gas,B,C5,5621.597675
Multi-family,Landlords,C1,Natural gas,A,C5,2094.87994
Multi-family,Landlords,C2,Natural gas,A,C5,2094.87994
Multi-family,Landlords,C3,Natural gas,A,C5,2094.87994
Multi-family,Landlords,C4,Natural gas,A,C5,2094.87994
Multi-family,Landlords,C5,Natural gas,A,C5,2094.87994
Multi-family,Landlords,C1,Oil fuel,G,C1,1054.728245
Multi-family,Landlords,C2,Oil fuel,G,C1,793.5863168
Multi-family,Landlords,C3,Oil fuel,G,C1,468.8671987
Multi-family,Landlords,C4,Oil fuel,G,C1,103.1393203
Multi-family,Landlords,C5,Oil fuel,G,C1,152.875295
Multi-family,Landlords,C1,Oil fuel,F,C1,2025.129651
Multi-family,Landlords,C2,Oil fuel,F,C1,1472.574111
Multi-family,Landlords,C3,Oil fuel,F,C1,660.5198876
Multi-family,Landlords,C4,Oil fuel,F,C1,291.1541697
Multi-family,Landlords,C5,Oil fuel,F,C1,348.5205049
Multi-family,Landlords,C1,Oil fuel,E,C1,250.4778766
Multi-family,Landlords,C2,Oil fuel,E,C1,305.480642
Multi-family,Landlords,C3,Oil fuel,E,C1,254.4650614
Multi-family,Landlords,C4,Oil fuel,E,C1,153.4426039
Multi-family,Landlords,C5,Oil fuel,E,C1,46.07362899
Multi-family,Landlords,C1,Oil fuel,D,C1,232.6474346
Multi-family,Landlords,C2,Oil fuel,D,C1,128.3297433
Multi-family,Landlords,C3,Oil fuel,D,C1,235.152268
Multi-family,Landlords,C4,Oil fuel,D,C1,58.99495232
Multi-family,Landlords,C5,Oil fuel,D,C1,27.85024581
Multi-family,Landlords,C1,Oil fuel,C,C1,130.6082689
Multi-family,Landlords,C2,Oil fuel,C,C1,45.55634744
Multi-family,Landlords,C3,Oil fuel,C,C1,84.49276615
Multi-family,Landlords,C4,Oil fuel,C,C1,130.9049341
Multi-family,Landlords,C5,Oil fuel,C,C1,0
Multi-family,Landlords,C1,Oil fuel,B,C1,0
Multi-family,Landlords,C2,Oil fuel,B,C1,0
Multi-family,Landlords,C3,Oil fuel,B,C1,0
Multi-family,Landlords,C4,Oil fuel,B,C1,0
Multi-family,Landlords,C5,Oil fuel,B,C1,0
Multi-family,Landlords,C1,Oil fuel,A,C1,0
Multi-family,Landlords,C2,Oil fuel,A,C1,0
Multi-family,Landlords,C3,Oil fuel,A,C1,0
Multi-family,Landlords,C4,Oil fuel,A,C1,0
Multi-family,Landlords,C5,Oil fuel,A,C1,0
Multi-family,Landlords,C1,Oil fuel,G,C2,1234.70391
Multi-family,Landlords,C2,Oil fuel,G,C2,929.0015064
Multi-family,Landlords,C3,Oil fuel,G,C2,548.8732917
Multi-family,Landlords,C4,Oil fuel,G,C2,120.7387047
Multi-family,Landlords,C5,Oil fuel,G,C2,178.9614769
Multi-family,Landlords,C1,Oil fuel,F,C2,2370.691703
Multi-family,Landlords,C2,Oil fuel,F,C2,1723.849742
Multi-family,Landlords,C3,Oil fuel,F,C2,773.2290208
Multi-family,Landlords,C4,Oil fuel,F,C2,340.8358443
Multi-family,Landlords,C5,Oil fuel,F,C2,407.9909989
Multi-family,Landlords,C1,Oil fuel,E,C2,293.2186704
Multi-family,Landlords,C2,Oil fuel,E,C2,357.6069427
Multi-family,Landlords,C3,Oil fuel,E,C2,297.8862164
Multi-family,Landlords,C4,Oil fuel,E,C2,179.6255897
Multi-family,Landlords,C5,Oil fuel,E,C2,53.93549487
Multi-family,Landlords,C1,Oil fuel,D,C2,272.3456953
Multi-family,Landlords,C2,Oil fuel,D,C2,150.2275459
Multi-family,Landlords,C3,Oil fuel,D,C2,275.277946
Multi-family,Landlords,C4,Oil fuel,D,C2,69.0616741
Multi-family,Landlords,C5,Oil fuel,D,C2,32.60252826
Multi-family,Landlords,C1,Oil fuel,C,C2,152.8948723
Multi-family,Landlords,C2,Oil fuel,C,C2,53.32994598
Multi-family,Landlords,C3,Oil fuel,C,C2,98.91035845
Multi-family,Landlords,C4,Oil fuel,C,C2,153.2421596
Multi-family,Landlords,C5,Oil fuel,C,C2,0
Multi-family,Landlords,C1,Oil fuel,B,C2,0
Multi-family,Landlords,C2,Oil fuel,B,C2,0
Multi-family,Landlords,C3,Oil fuel,B,C2,0
Multi-family,Landlords,C4,Oil fuel,B,C2,0
Multi-family,Landlords,C5,Oil fuel,B,C2,0
Multi-family,Landlords,C1,Oil fuel,A,C2,0
Multi-family,Landlords,C2,Oil fuel,A,C2,0
Multi-family,Landlords,C3,Oil fuel,A,C2,0
Multi-family,Landlords,C4,Oil fuel,A,C2,0
Multi-family,Landlords,C5,Oil fuel,A,C2,0
Multi-family,Landlords,C1,Oil fuel,G,C3,2724.555749
Multi-family,Landlords,C2,Oil fuel,G,C3,2049.978441
Multi-family,Landlords,C3,Oil fuel,G,C3,1211.169634
Multi-family,Landlords,C4,Oil fuel,G,C3,266.4277074
Multi-family,Landlords,C5,Oil fuel,G,C3,394.9048165
Multi-family,Landlords,C1,Oil fuel,F,C3,5231.279868
Multi-family,Landlords,C2,Oil fuel,F,C3,3803.927958
Multi-family,Landlords,C3,Oil fuel,F,C3,1706.243543
Multi-family,Landlords,C4,Oil fuel,F,C3,752.1044126
Multi-family,Landlords,C5,Oil fuel,F,C3,900.2921369
Multi-family,Landlords,C1,Oil fuel,E,C3,647.0301163
Multi-family,Landlords,C2,Oil fuel,E,C3,789.1123081
Multi-family,Landlords,C3,Oil fuel,E,C3,657.3297431
Multi-family,Landlords,C4,Oil fuel,E,C3,396.370279
Multi-family,Landlords,C5,Oil fuel,E,C3,119.0166011
Multi-family,Landlords,C1,Oil fuel,D,C3,600.970827
Multi-family,Landlords,C2,Oil fuel,D,C3,331.499172
Multi-family,Landlords,C3,Oil fuel,D,C3,607.4412693
Multi-family,Landlords,C4,Oil fuel,D,C3,152.3947399
Multi-family,Landlords,C5,Oil fuel,D,C3,71.94227302
Multi-family,Landlords,C1,Oil fuel,C,C3,337.3850199
Multi-family,Landlords,C2,Oil fuel,C,C3,117.6803683
Multi-family,Landlords,C3,Oil fuel,C,C3,218.2602513
Multi-family,Landlords,C4,Oil fuel,C,C3,338.1513604
Multi-family,Landlords,C5,Oil fuel,C,C3,0
Multi-family,Landlords,C1,Oil fuel,B,C3,0
Multi-family,Landlords,C2,Oil fuel,B,C3,0
Multi-family,Landlords,C3,Oil fuel,B,C3,0
Multi-family,Landlords,C4,Oil fuel,B,C3,0
Multi-family,Landlords,C5,Oil fuel,B,C3,0
Multi-family,Landlords,C1,Oil fuel,A,C3,0
Multi-family,Landlords,C2,Oil fuel,A,C3,0
Multi-family,Landlords,C3,Oil fuel,A,C3,0
Multi-family,Landlords,C4,Oil fuel,A,C3,0
Multi-family,Landlords,C5,Oil fuel,A,C3,0
Multi-family,Landlords,C1,Oil fuel,G,C4,4932.026105
Multi-family,Landlords,C2,Oil fuel,G,C4,3710.897524
Multi-family,Landlords,C3,Oil fuel,G,C4,2192.474958
Multi-family,Landlords,C4,Oil fuel,G,C4,482.2908865
Multi-family,Landlords,C5,Oil fuel,G,C4,714.8618134
Multi-family,Landlords,C1,Oil fuel,F,C4,9469.730573
Multi-family,Landlords,C2,Oil fuel,F,C4,6885.919659
Multi-family,Landlords,C3,Oil fuel,F,C4,3088.664161
Multi-family,Landlords,C4,Oil fuel,F,C4,1361.469149
Multi-family,Landlords,C5,Oil fuel,F,C4,1629.720487
Multi-family,Landlords,C1,Oil fuel,E,C4,1171.262297
Multi-family,Landlords,C2,Oil fuel,E,C4,1428.46132
Multi-family,Landlords,C3,Oil fuel,E,C4,1189.906814
Multi-family,Landlords,C4,Oil fuel,E,C4,717.5146126
Multi-family,Landlords,C5,Oil fuel,E,C4,215.4453927
Multi-family,Landlords,C1,Oil fuel,D,C4,1087.885175
Multi-family,Landlords,C2,Oil fuel,D,C4,600.0840946
Multi-family,Landlords,C3,Oil fuel,D,C4,1099.598053
Multi-family,Landlords,C4,Oil fuel,D,C4,275.8669319
Multi-family,Landlords,C5,Oil fuel,D,C4,130.2308344
Multi-family,Landlords,C1,Oil fuel,C,C4,610.7387328
Multi-family,Landlords,C2,Oil fuel,C,C4,213.0265269
Multi-family,Landlords,C3,Oil fuel,C,C4,395.0975338
Multi-family,Landlords,C4,Oil fuel,C,C4,612.1259723
Multi-family,Landlords,C5,Oil fuel,C,C4,0
Multi-family,Landlords,C1,Oil fuel,B,C4,0
Multi-family,Landlords,C2,Oil fuel,B,C4,0
Multi-family,Landlords,C3,Oil fuel,B,C4,0
Multi-family,Landlords,C4,Oil fuel,B,C4,0
Multi-family,Landlords,C5,Oil fuel,B,C4,0
Multi-family,Landlords,C1,Oil fuel,A,C4,0
Multi-family,Landlords,C2,Oil fuel,A,C4,0
Multi-family,Landlords,C3,Oil fuel,A,C4,0
Multi-family,Landlords,C4,Oil fuel,A,C4,0
Multi-family,Landlords,C5,Oil fuel,A,C4,0
Multi-family,Landlords,C1,Oil fuel,G,C5,11504.46569
Multi-family,Landlords,C2,Oil fuel,G,C5,8656.055815
Multi-family,Landlords,C3,Oil fuel,G,C5,5114.176689
Multi-family,Landlords,C4,Oil fuel,G,C5,1124.993834
Multi-family,Landlords,C5,Oil fuel,G,C5,1667.489797
Multi-family,Landlords,C1,Oil fuel,F,C5,22089.13501
Multi-family,Landlords,C2,Oil fuel,F,C5,16062.12635
Multi-family,Landlords,C3,Oil fuel,F,C5,7204.631548
Multi-family,Landlords,C4,Oil fuel,F,C5,3175.768899
Multi-family,Landlords,C5,Oil fuel,F,C5,3801.493145
Multi-family,Landlords,C1,Oil fuel,E,C5,2732.091561
Multi-family,Landlords,C2,Oil fuel,E,C5,3332.03513
Multi-family,Landlords,C3,Oil fuel,E,C5,2775.581845
Multi-family,Landlords,C4,Oil fuel,E,C5,1673.677727
Multi-family,Landlords,C5,Oil fuel,E,C5,502.5488664
Multi-family,Landlords,C1,Oil fuel,D,C5,2537.605723
Multi-family,Landlords,C2,Oil fuel,D,C5,1399.758787
Multi-family,Landlords,C3,Oil fuel,D,C5,2564.927235
Multi-family,Landlords,C4,Oil fuel,D,C5,643.4884137
Multi-family,Landlords,C5,Oil fuel,D,C5,303.7770147
Multi-family,Landlords,C1,Oil fuel,C,C5,1424.611843
Multi-family,Landlords,C2,Oil fuel,C,C5,496.9066096
Multi-family,Landlords,C3,Oil fuel,C,C5,921.6062378
Multi-family,Landlords,C4,Oil fuel,C,C5,1427.847724
Multi-family,Landlords,C5,Oil fuel,C,C5,0
Multi-family,Landlords,C1,Oil fuel,B,C5,0
Multi-family,Landlords,C2,Oil fuel,B,C5,0
Multi-family,Landlords,C3,Oil fuel,B,C5,0
Multi-family,Landlords,C4,Oil fuel,B,C5,0
Multi-family,Landlords,C5,Oil fuel,B,C5,0
Multi-family,Landlords,C1,Oil fuel,A,C5,0
Multi-family,Landlords,C2,Oil fuel,A,C5,0
Multi-family,Landlords,C3,Oil fuel,A,C5,0
Multi-family,Landlords,C4,Oil fuel,A,C5,0
Multi-family,Landlords,C5,Oil fuel,A,C5,0
Multi-family,Landlords,C1,Wood fuel,G,C1,376.7984329
Multi-family,Landlords,C2,Wood fuel,G,C1,283.5062795
Multi-family,Landlords,C3,Wood fuel,G,C1,167.5013698
Multi-family,Landlords,C4,Wood fuel,G,C1,36.84620608
Multi-family,Landlords,C5,Wood fuel,G,C1,54.61423061
Multi-family,Landlords,C1,Wood fuel,F,C1,972.3745506
Multi-family,Landlords,C2,Wood fuel,F,C1,707.0626754
Multi-family,Landlords,C3,Wood fuel,F,C1,317.1514123
Multi-family,Landlords,C4,Wood fuel,F,C1,139.7989036
Multi-family,Landlords,C5,Wood fuel,F,C1,167.3435916
Multi-family,Landlords,C1,Wood fuel,E,C1,0
Multi-family,Landlords,C2,Wood fuel,E,C1,0
Multi-family,Landlords,C3,Wood fuel,E,C1,0
Multi-family,Landlords,C4,Wood fuel,E,C1,0
Multi-family,Landlords,C5,Wood fuel,E,C1,0
Multi-family,Landlords,C1,Wood fuel,D,C1,0
Multi-family,Landlords,C2,Wood fuel,D,C1,0
Multi-family,Landlords,C3,Wood fuel,D,C1,0
Multi-family,Landlords,C4,Wood fuel,D,C1,0
Multi-family,Landlords,C5,Wood fuel,D,C1,0
Multi-family,Landlords,C1,Wood fuel,C,C1,0
Multi-family,Landlords,C2,Wood fuel,C,C1,0
Multi-family,Landlords,C3,Wood fuel,C,C1,0
Multi-family,Landlords,C4,Wood fuel,C,C1,0
Multi-family,Landlords,C5,Wood fuel,C,C1,0
Multi-family,Landlords,C1,Wood fuel,B,C1,0
Multi-family,Landlords,C2,Wood fuel,B,C1,0
Multi-family,Landlords,C3,Wood fuel,B,C1,0
Multi-family,Landlords,C4,Wood fuel,B,C1,0
Multi-family,Landlords,C5,Wood fuel,B,C1,0
Multi-family,Landlords,C1,Wood fuel,A,C1,0
Multi-family,Landlords,C2,Wood fuel,A,C1,0
Multi-family,Landlords,C3,Wood fuel,A,C1,0
Multi-family,Landlords,C4,Wood fuel,A,C1,0
Multi-family,Landlords,C5,Wood fuel,A,C1,0
Multi-family,Landlords,C1,Wood fuel,G,C2,441.094188
Multi-family,Landlords,C2,Wood fuel,G,C2,331.8829412
Multi-family,Landlords,C3,Wood fuel,G,C2,196.0833014
Multi-family,Landlords,C4,Wood fuel,G,C2,43.13353223
Multi-family,Landlords,C5,Wood fuel,G,C2,63.9334392
Multi-family,Landlords,C1,Wood fuel,F,C2,1138.297629
Multi-family,Landlords,C2,Wood fuel,F,C2,827.7137306
Multi-family,Landlords,C3,Wood fuel,F,C2,371.2691785
Multi-family,Landlords,C4,Wood fuel,F,C2,163.6537695
Multi-family,Landlords,C5,Wood fuel,F,C2,195.8986004
Multi-family,Landlords,C1,Wood fuel,E,C2,0
Multi-family,Landlords,C2,Wood fuel,E,C2,0
Multi-family,Landlords,C3,Wood fuel,E,C2,0
Multi-family,Landlords,C4,Wood fuel,E,C2,0
Multi-family,Landlords,C5,Wood fuel,E,C2,0
Multi-family,Landlords,C1,Wood fuel,D,C2,0
Multi-family,Landlords,C2,Wood fuel,D,C2,0
Multi-family,Landlords,C3,Wood fuel,D,C2,0
Multi-family,Landlords,C4,Wood fuel,D,C2,0
Multi-family,Landlords,C5,Wood fuel,D,C2,0
Multi-family,Landlords,C1,Wood fuel,C,C2,0
Multi-family,Landlords,C2,Wood fuel,C,C2,0
Multi-family,Landlords,C3,Wood fuel,C,C2,0
Multi-family,Landlords,C4,Wood fuel,C,C2,0
Multi-family,Landlords,C5,Wood fuel,C,C2,0
Multi-family,Landlords,C1,Wood fuel,B,C2,0
Multi-family,Landlords,C2,Wood fuel,B,C2,0
Multi-family,Landlords,C3,Wood fuel,B,C2,0
Multi-family,Landlords,C4,Wood fuel,B,C2,0
Multi-family,Landlords,C5,Wood fuel,B,C2,0
Multi-family,Landlords,C1,Wood fuel,A,C2,0
Multi-family,Landlords,C2,Wood fuel,A,C2,0
Multi-family,Landlords,C3,Wood fuel,A,C2,0
Multi-family,Landlords,C4,Wood fuel,A,C2,0
Multi-family,Landlords,C5,Wood fuel,A,C2,0
Multi-family,Landlords,C1,Wood fuel,G,C3,973.3391915
Multi-family,Landlords,C2,Wood fuel,G,C3,732.3485153
Multi-family,Landlords,C3,Wood fuel,G,C3,432.6866399
Multi-family,Landlords,C4,Wood fuel,G,C3,95.18048193
Multi-family,Landlords,C5,Wood fuel,G,C3,141.0785354
Multi-family,Landlords,C1,Wood fuel,F,C3,2511.821113
Multi-family,Landlords,C2,Wood fuel,F,C3,1826.472068
Multi-family,Landlords,C3,Wood fuel,F,C3,819.26004
Multi-family,Landlords,C4,Wood fuel,F,C3,361.1261087
Multi-family,Landlords,C5,Wood fuel,F,C3,432.2790701
Multi-family,Landlords,C1,Wood fuel,E,C3,0
Multi-family,Landlords,C2,Wood fuel,E,C3,0
Multi-family,Landlords,C3,Wood fuel,E,C3,0
Multi-family,Landlords,C4,Wood fuel,E,C3,0
Multi-family,Landlords,C5,Wood fuel,E,C3,0
Multi-family,Landlords,C1,Wood fuel,D,C3,0
Multi-family,Landlords,C2,Wood fuel,D,C3,0
Multi-family,Landlords,C3,Wood fuel,D,C3,0
Multi-family,Landlords,C4,Wood fuel,D,C3,0
Multi-family,Landlords,C5,Wood fuel,D,C3,0
Multi-family,Landlords,C1,Wood fuel,C,C3,0
Multi-family,Landlords,C2,Wood fuel,C,C3,0
Multi-family,Landlords,C3,Wood fuel,C,C3,0
Multi-family,Landlords,C4,Wood fuel,C,C3,0
Multi-family,Landlords,C5,Wood fuel,C,C3,0
Multi-family,Landlords,C1,Wood fuel,B,C3,0
Multi-family,Landlords,C2,Wood fuel,B,C3,0
Multi-family,Landlords,C3,Wood fuel,B,C3,0
Multi-family,Landlords,C4,Wood fuel,B,C3,0
Multi-family,Landlords,C5,Wood fuel,B,C3,0
Multi-family,Landlords,C1,Wood fuel,A,C3,0
Multi-family,Landlords,C2,Wood fuel,A,C3,0
Multi-family,Landlords,C3,Wood fuel,A,C3,0
Multi-family,Landlords,C4,Wood fuel,A,C3,0
Multi-family,Landlords,C5,Wood fuel,A,C3,0
Multi-family,Landlords,C1,Wood fuel,G,C4,1761.95121
Multi-family,Landlords,C2,Wood fuel,G,C4,1325.706767
Multi-family,Landlords,C3,Wood fuel,G,C4,783.2549594
Multi-family,Landlords,C4,Wood fuel,G,C4,172.2969411
Multi-family,Landlords,C5,Wood fuel,G,C4,255.382192
Multi-family,Landlords,C1,Wood fuel,F,C4,4546.931109
Multi-family,Landlords,C2,Wood fuel,F,C4,3306.303392
Multi-family,Landlords,C3,Wood fuel,F,C4,1483.035135
Multi-family,Landlords,C4,Wood fuel,F,C4,653.7151591
Multi-family,Landlords,C5,Wood fuel,F,C4,782.5171714
Multi-family,Landlords,C1,Wood fuel,E,C4,0
Multi-family,Landlords,C2,Wood fuel,E,C4,0
Multi-family,Landlords,C3,Wood fuel,E,C4,0
Multi-family,Landlords,C4,Wood fuel,E,C4,0
Multi-family,Landlords,C5,Wood fuel,E,C4,0
Multi-family,Landlords,C1,Wood fuel,D,C4,0
Multi-family,Landlords,C2,Wood fuel,D,C4,0
Multi-family,Landlords,C3,Wood fuel,D,C4,0
Multi-family,Landlords,C4,Wood fuel,D,C4,0
Multi-family,Landlords,C5,Wood fuel,D,C4,0
Multi-family,Landlords,C1,Wood fuel,C,C4,0
Multi-family,Landlords,C2,Wood fuel,C,C4,0
Multi-family,Landlords,C3,Wood fuel,C,C4,0
Multi-family,Landlords,C4,Wood fuel,C,C4,0
Multi-family,Landlords,C5,Wood fuel,C,C4,0
Multi-family,Landlords,C1,Wood fuel,B,C4,0
Multi-family,Landlords,C2,Wood fuel,B,C4,0
Multi-family,Landlords,C3,Wood fuel,B,C4,0
Multi-family,Landlords,C4,Wood fuel,B,C4,0
Multi-family,Landlords,C5,Wood fuel,B,C4,0
Multi-family,Landlords,C1,Wood fuel,A,C4,0
Multi-family,Landlords,C2,Wood fuel,A,C4,0
Multi-family,Landlords,C3,Wood fuel,A,C4,0
Multi-family,Landlords,C4,Wood fuel,A,C4,0
Multi-family,Landlords,C5,Wood fuel,A,C4,0
Multi-family,Landlords,C1,Wood fuel,G,C5,4109.935111
Multi-family,Landlords,C2,Wood fuel,G,C5,3092.349412
Multi-family,Landlords,C3,Wood fuel,G,C5,1827.023949
Multi-family,Landlords,C4,Wood fuel,G,C5,401.9005995
Multi-family,Landlords,C5,Wood fuel,G,C5,595.7056196
Multi-family,Landlords,C1,Wood fuel,F,C5,10606.19142
Multi-family,Landlords,C2,Wood fuel,F,C5,7712.297774
Multi-family,Landlords,C3,Wood fuel,F,C5,3459.334252
Multi-family,Landlords,C4,Wood fuel,F,C5,1524.858843
Multi-family,Landlords,C5,Wood fuel,F,C5,1825.302981
Multi-family,Landlords,C1,Wood fuel,E,C5,0
Multi-family,Landlords,C2,Wood fuel,E,C5,0
Multi-family,Landlords,C3,Wood fuel,E,C5,0
Multi-family,Landlords,C4,Wood fuel,E,C5,0
Multi-family,Landlords,C5,Wood fuel,E,C5,0
Multi-family,Landlords,C1,Wood fuel,D,C5,0
Multi-family,Landlords,C2,Wood fuel,D,C5,0
Multi-family,Landlords,C3,Wood fuel,D,C5,0
Multi-family,Landlords,C4,Wood fuel,D,C5,0
Multi-family,Landlords,C5,Wood fuel,D,C5,0
Multi-family,Landlords,C1,Wood fuel,C,C5,0
Multi-family,Landlords,C2,Wood fuel,C,C5,0
Multi-family,Landlords,C3,Wood fuel,C,C5,0
Multi-family,Landlords,C4,Wood fuel,C,C5,0
Multi-family,Landlords,C5,Wood fuel,C,C5,0
Multi-family,Landlords,C1,Wood fuel,B,C5,0
Multi-family,Landlords,C2,Wood fuel,B,C5,0
Multi-family,Landlords,C3,Wood fuel,B,C5,0
Multi-family,Landlords,C4,Wood fuel,B,C5,0
Multi-family,Landlords,C5,Wood fuel,B,C5,0
Multi-family,Landlords,C1,Wood fuel,A,C5,0
Multi-family,Landlords,C2,Wood fuel,A,C5,0
Multi-family,Landlords,C3,Wood fuel,A,C5,0
Multi-family,Landlords,C4,Wood fuel,A,C5,0
Multi-family,Landlords,C5,Wood fuel,A,C5,0
Single-family,Homeowners,C1,Power,G,C1,80135.05012
Single-family,Homeowners,C1,Power,F,C1,46730.87916
Single-family,Homeowners,C1,Power,E,C1,122714.8585
Single-family,Homeowners,C1,Power,D,C1,99331.92364
Single-family,Homeowners,C1,Power,C,C1,6443.727256
Single-family,Homeowners,C1,Power,B,C1,0
Single-family,Homeowners,C1,Power,A,C1,0
Single-family,Homeowners,C2,Power,G,C2,121583.4802
Single-family,Homeowners,C2,Power,F,C2,118240.8552
Single-family,Homeowners,C2,Power,E,C2,204137.8383
Single-family,Homeowners,C2,Power,D,C2,79498.97346
Single-family,Homeowners,C2,Power,C,C2,36915.94343
Single-family,Homeowners,C2,Power,B,C2,0
Single-family,Homeowners,C2,Power,A,C2,0
Single-family,Homeowners,C3,Power,G,C3,158503.5734
Single-family,Homeowners,C3,Power,F,C3,135173.024
Single-family,Homeowners,C3,Power,E,C3,213949.483
Single-family,Homeowners,C3,Power,D,C3,211903.1418
Single-family,Homeowners,C3,Power,C,C3,59135.69415
Single-family,Homeowners,C3,Power,B,C3,27228.20603
Single-family,Homeowners,C3,Power,A,C3,0
Single-family,Homeowners,C4,Power,G,C4,86560.50245
Single-family,Homeowners,C4,Power,F,C4,157873.9101
Single-family,Homeowners,C4,Power,E,C4,424712.7047
Single-family,Homeowners,C4,Power,D,C4,322246.3532
Single-family,Homeowners,C4,Power,C,C4,83410.22518
Single-family,Homeowners,C4,Power,B,C4,42218.77138
Single-family,Homeowners,C4,Power,A,C4,0
Single-family,Homeowners,C5,Power,G,C5,97159.0911
Single-family,Homeowners,C5,Power,F,C5,181871.8529
Single-family,Homeowners,C5,Power,E,C5,378570.0789
Single-family,Homeowners,C5,Power,D,C5,343529.4291
Single-family,Homeowners,C5,Power,C,C5,121502.0194
Single-family,Homeowners,C5,Power,B,C5,167805.0669
Single-family,Homeowners,C5,Power,A,C5,161057.6745
Single-family,Homeowners,C1,Natural gas,G,C1,44335.0104
Single-family,Homeowners,C1,Natural gas,F,C1,58251.83114
Single-family,Homeowners,C1,Natural gas,E,C1,58854.36001
Single-family,Homeowners,C1,Natural gas,D,C1,50410.6282
Single-family,Homeowners,C1,Natural gas,C,C1,15571.56734
Single-family,Homeowners,C1,Natural gas,B,C1,23808.95353
Single-family,Homeowners,C1,Natural gas,A,C1,0
Single-family,Homeowners,C2,Natural gas,G,C2,61462.79756
Single-family,Homeowners,C2,Natural gas,F,C2,81195.38073
Single-family,Homeowners,C2,Natural gas,E,C2,79920.15717
Single-family,Homeowners,C2,Natural gas,D,C2,163841.2061
Single-family,Homeowners,C2,Natural gas,C,C2,80555.15852
Single-family,Homeowners,C2,Natural gas,B,C2,0
Single-family,Homeowners,C2,Natural gas,A,C2,0
Single-family,Homeowners,C3,Natural gas,G,C3,36864.04514
Single-family,Homeowners,C3,Natural gas,F,C3,34440.47729
Single-family,Homeowners,C3,Natural gas,E,C3,309015.0737
Single-family,Homeowners,C3,Natural gas,D,C3,227115.6401
Single-family,Homeowners,C3,Natural gas,C,C3,89784.42438
Single-family,Homeowners,C3,Natural gas,B,C3,15109.65874
Single-family,Homeowners,C3,Natural gas,A,C3,0
Single-family,Homeowners,C4,Natural gas,G,C4,15503.65167
Single-family,Homeowners,C4,Natural gas,F,C4,106579.7482
Single-family,Homeowners,C4,Natural gas,E,C4,309356.7724
Single-family,Homeowners,C4,Natural gas,D,C4,392981.6754
Single-family,Homeowners,C4,Natural gas,C,C4,207450.0324
Single-family,Homeowners,C4,Natural gas,B,C4,63353.19
Single-family,Homeowners,C4,Natural gas,A,C4,0
Single-family,Homeowners,C5,Natural gas,G,C5,32826.87025
Single-family,Homeowners,C5,Natural gas,F,C5,171909.1026
Single-family,Homeowners,C5,Natural gas,E,C5,259395.3527
Single-family,Homeowners,C5,Natural gas,D,C5,405091.7564
Single-family,Homeowners,C5,Natural gas,C,C5,375169.6858
Single-family,Homeowners,C5,Natural gas,B,C5,45622.83237
Single-family,Homeowners,C5,Natural gas,A,C5,72506.94403
Single-family,Homeowners,C1,Oil fuel,G,C1,57469.50167
Single-family,Homeowners,C1,Oil fuel,F,C1,46044.81265
Single-family,Homeowners,C1,Oil fuel,E,C1,58095.1322
Single-family,Homeowners,C1,Oil fuel,D,C1,27652.09306
Single-family,Homeowners,C1,Oil fuel,C,C1,0
Single-family,Homeowners,C1,Oil fuel,B,C1,11403.04254
Single-family,Homeowners,C1,Oil fuel,A,C1,0
Single-family,Homeowners,C2,Oil fuel,G,C2,64805.06853
Single-family,Homeowners,C2,Oil fuel,F,C2,120639.2959
Single-family,Homeowners,C2,Oil fuel,E,C2,183936.5043
Single-family,Homeowners,C2,Oil fuel,D,C2,60263.93061
Single-family,Homeowners,C2,Oil fuel,C,C2,27965.83855
Single-family,Homeowners,C2,Oil fuel,B,C2,0
Single-family,Homeowners,C2,Oil fuel,A,C2,0
Single-family,Homeowners,C3,Oil fuel,G,C3,76939.2535
Single-family,Homeowners,C3,Oil fuel,F,C3,59428.3707
Single-family,Homeowners,C3,Oil fuel,E,C3,206432.0607
Single-family,Homeowners,C3,Oil fuel,D,C3,84484.88077
Single-family,Homeowners,C3,Oil fuel,C,C3,81780.80338
Single-family,Homeowners,C3,Oil fuel,B,C3,0
Single-family,Homeowners,C3,Oil fuel,A,C3,7145.507493
Single-family,Homeowners,C4,Oil fuel,G,C4,35178.47208
Single-family,Homeowners,C4,Oil fuel,F,C4,75733.39729
Single-family,Homeowners,C4,Oil fuel,E,C4,203213.2265
Single-family,Homeowners,C4,Oil fuel,D,C4,200153.1612
Single-family,Homeowners,C4,Oil fuel,C,C4,84581.73208
Single-family,Homeowners,C4,Oil fuel,B,C4,13268.16081
Single-family,Homeowners,C4,Oil fuel,A,C4,0
Single-family,Homeowners,C5,Oil fuel,G,C5,29260.85396
Single-family,Homeowners,C5,Oil fuel,F,C5,100941.8652
Single-family,Homeowners,C5,Oil fuel,E,C5,181108.2219
Single-family,Homeowners,C5,Oil fuel,D,C5,246112.6296
Single-family,Homeowners,C5,Oil fuel,C,C5,88217.35861
Single-family,Homeowners,C5,Oil fuel,B,C5,11231.70782
Single-family,Homeowners,C5,Oil fuel,A,C5,7132.245048
Single-family,Homeowners,C1,Wood fuel,G,C1,59288.18772
Single-family,Homeowners,C1,Wood fuel,F,C1,37218.01149
Single-family,Homeowners,C1,Wood fuel,E,C1,35456.81068
Single-family,Homeowners,C1,Wood fuel,D,C1,14491.39877
Single-family,Homeowners,C1,Wood fuel,C,C1,9765.937617
Single-family,Homeowners,C1,Wood fuel,B,C1,0
Single-family,Homeowners,C1,Wood fuel,A,C1,850.1080543
Single-family,Homeowners,C2,Wood fuel,G,C2,31078.74138
Single-family,Homeowners,C2,Wood fuel,F,C2,26775.52939
Single-family,Homeowners,C2,Wood fuel,E,C2,72073.31528
Single-family,Homeowners,C2,Wood fuel,D,C2,22071.64811
Single-family,Homeowners,C2,Wood fuel,C,C2,15946.53993
Single-family,Homeowners,C2,Wood fuel,B,C2,0
Single-family,Homeowners,C2,Wood fuel,A,C2,850.1080543
Single-family,Homeowners,C3,Wood fuel,G,C3,73965.37919
Single-family,Homeowners,C3,Wood fuel,F,C3,63337.04823
Single-family,Homeowners,C3,Wood fuel,E,C3,104451.9807
Single-family,Homeowners,C3,Wood fuel,D,C3,76251.44087
Single-family,Homeowners,C3,Wood fuel,C,C3,47856.39819
Single-family,Homeowners,C3,Wood fuel,B,C3,13387.86366
Single-family,Homeowners,C3,Wood fuel,A,C3,850.1080543
Single-family,Homeowners,C4,Wood fuel,G,C4,87403.9972
Single-family,Homeowners,C4,Wood fuel,F,C4,89047.34773
Single-family,Homeowners,C4,Wood fuel,E,C4,191462.9174
Single-family,Homeowners,C4,Wood fuel,D,C4,127978.986
Single-family,Homeowners,C4,Wood fuel,C,C4,64337.82985
Single-family,Homeowners,C4,Wood fuel,B,C4,27248.47007
Single-family,Homeowners,C4,Wood fuel,A,C4,850.1080543
Single-family,Homeowners,C5,Wood fuel,G,C5,23819.18048
Single-family,Homeowners,C5,Wood fuel,F,C5,15509.21627
Single-family,Homeowners,C5,Wood fuel,E,C5,59443.28431
Single-family,Homeowners,C5,Wood fuel,D,C5,97200.11409
Single-family,Homeowners,C5,Wood fuel,C,C5,32448.84404
Single-family,Homeowners,C5,Wood fuel,B,C5,0
Single-family,Homeowners,C5,Wood fuel,A,C5,850.1080543
Multi-family,Homeowners,C1,Power,G,C1,20289.82089
Multi-family,Homeowners,C1,Power,F,C1,72709.8716
Multi-family,Homeowners,C1,Power,E,C1,24044.98965
Multi-family,Homeowners,C1,Power,D,C1,0
Multi-family,Homeowners,C1,Power,C,C1,0
Multi-family,Homeowners,C1,Power,B,C1,3263.184223
Multi-family,Homeowners,C1,Power,A,C1,620.1526578
Multi-family,Homeowners,C2,Power,G,C2,75190.74661
Multi-family,Homeowners,C2,Power,F,C2,56183.48013
Multi-family,Homeowners,C2,Power,E,C2,77870.17245
Multi-family,Homeowners,C2,Power,D,C2,6953.716011
Multi-family,Homeowners,C2,Power,C,C2,0
Multi-family,Homeowners,C2,Power,B,C2,3263.184223
Multi-family,Homeowners,C2,Power,A,C2,620.1526578
Multi-family,Homeowners,C3,Power,G,C3,11759.58552
Multi-family,Homeowners,C3,Power,F,C3,32609.72337
Multi-family,Homeowners,C3,Power,E,C3,74015.27494
Multi-family,Homeowners,C3,Power,D,C3,35904.76491
Multi-family,Homeowners,C3,Power,C,C3,9855.439464
Multi-family,Homeowners,C3,Power,B,C3,3263.184223
Multi-family,Homeowners,C3,Power,A,C3,620.1526578
Multi-family,Homeowners,C4,Power,G,C4,35357.28959
Multi-family,Homeowners,C4,Power,F,C4,32187.05413
Multi-family,Homeowners,C4,Power,E,C4,96695.00763
Multi-family,Homeowners,C4,Power,D,C4,134421.9942
Multi-family,Homeowners,C4,Power,C,C4,42976.48956
Multi-family,Homeowners,C4,Power,B,C4,3263.184223
Multi-family,Homeowners,C4,Power,A,C4,620.1526578
Multi-family,Homeowners,C5,Power,G,C5,35981.113
Multi-family,Homeowners,C5,Power,F,C5,25061.70054
Multi-family,Homeowners,C5,Power,E,C5,29923.31927
Multi-family,Homeowners,C5,Power,D,C5,100616.4587
Multi-family,Homeowners,C5,Power,C,C5,49806.17335
Multi-family,Homeowners,C5,Power,B,C5,3263.184223
Multi-family,Homeowners,C5,Power,A,C5,620.1526578
Multi-family,Homeowners,C1,Natural gas,G,C1,26000.95352
Multi-family,Homeowners,C1,Natural gas,F,C1,0
Multi-family,Homeowners,C1,Natural gas,E,C1,35688.38849
Multi-family,Homeowners,C1,Natural gas,D,C1,27183.13082
Multi-family,Homeowners,C1,Natural gas,C,C1,13490.11863
Multi-family,Homeowners,C1,Natural gas,B,C1,0
Multi-family,Homeowners,C1,Natural gas,A,C1,2094.87994
Multi-family,Homeowners,C2,Natural gas,G,C2,38044.14221
Multi-family,Homeowners,C2,Natural gas,F,C2,23791.99984
Multi-family,Homeowners,C2,Natural gas,E,C2,67149.58537
Multi-family,Homeowners,C2,Natural gas,D,C2,80584.5166
Multi-family,Homeowners,C2,Natural gas,C,C2,32066.26505
Multi-family,Homeowners,C2,Natural gas,B,C2,0
Multi-family,Homeowners,C2,Natural gas,A,C2,2094.87994
Multi-family,Homeowners,C3,Natural gas,G,C3,75479.2607
Multi-family,Homeowners,C3,Natural gas,F,C3,54043.05198
Multi-family,Homeowners,C3,Natural gas,E,C3,84621.59151
Multi-family,Homeowners,C3,Natural gas,D,C3,76422.2056
Multi-family,Homeowners,C3,Natural gas,C,C3,37468.52372
Multi-family,Homeowners,C3,Natural gas,B,C3,113599.7958
Multi-family,Homeowners,C3,Natural gas,A,C3,2094.87994
Multi-family,Homeowners,C4,Natural gas,G,C4,29301.09247
Multi-family,Homeowners,C4,Natural gas,F,C4,79716.8511
Multi-family,Homeowners,C4,Natural gas,E,C4,74416.00434
Multi-family,Homeowners,C4,Natural gas,D,C4,73356.54042
Multi-family,Homeowners,C4,Natural gas,C,C4,62352.0626
Multi-family,Homeowners,C4,Natural gas,B,C4,32419.36436
Multi-family,Homeowners,C4,Natural gas,A,C4,2094.87994
Multi-family,Homeowners,C5,Natural gas,G,C5,36197.90531
Multi-family,Homeowners,C5,Natural gas,F,C5,25413.86157
Multi-family,Homeowners,C5,Natural gas,E,C5,117820.0314
Multi-family,Homeowners,C5,Natural gas,D,C5,95392.97206
Multi-family,Homeowners,C5,Natural gas,C,C5,100380.4706
Multi-family,Homeowners,C5,Natural gas,B,C5,31053.04406
Multi-family,Homeowners,C5,Natural gas,A,C5,2094.87994
Multi-family,Homeowners,C1,Oil fuel,G,C1,0
Multi-family,Homeowners,C1,Oil fuel,F,C1,10162.95854
Multi-family,Homeowners,C1,Oil fuel,E,C1,13476.80885
Multi-family,Homeowners,C1,Oil fuel,D,C1,17011.12269
Multi-family,Homeowners,C1,Oil fuel,C,C1,0
Multi-family,Homeowners,C1,Oil fuel,B,C1,0
Multi-family,Homeowners,C1,Oil fuel,A,C1,0
Multi-family,Homeowners,C2,Oil fuel,G,C2,29857.36313
Multi-family,Homeowners,C2,Oil fuel,F,C2,21007.13309
Multi-family,Homeowners,C2,Oil fuel,E,C2,0
Multi-family,Homeowners,C2,Oil fuel,D,C2,0
Multi-family,Homeowners,C2,Oil fuel,C,C2,0
Multi-family,Homeowners,C2,Oil fuel,B,C2,0
Multi-family,Homeowners,C2,Oil fuel,A,C2,0
Multi-family,Homeowners,C3,Oil fuel,G,C3,16745.01025
Multi-family,Homeowners,C3,Oil fuel,F,C3,13363.05099
Multi-family,Homeowners,C3,Oil fuel,E,C3,35619.11443
Multi-family,Homeowners,C3,Oil fuel,D,C3,7022.700881
Multi-family,Homeowners,C3,Oil fuel,C,C3,0
Multi-family,Homeowners,C3,Oil fuel,B,C3,0
Multi-family,Homeowners,C3,Oil fuel,A,C3,0
Multi-family,Homeowners,C4,Oil fuel,G,C4,9828.453458
Multi-family,Homeowners,C4,Oil fuel,F,C4,29262.93286
Multi-family,Homeowners,C4,Oil fuel,E,C4,0
Multi-family,Homeowners,C4,Oil fuel,D,C4,23157.73086
Multi-family,Homeowners,C4,Oil fuel,C,C4,0
Multi-family,Homeowners,C4,Oil fuel,B,C4,0
Multi-family,Homeowners,C4,Oil fuel,A,C4,0
Multi-family,Homeowners,C5,Oil fuel,G,C5,0
Multi-family,Homeowners,C5,Oil fuel,F,C5,47210.9049
Multi-family,Homeowners,C5,Oil fuel,E,C5,26737.02141
Multi-family,Homeowners,C5,Oil fuel,D,C5,8280.560643
Multi-family,Homeowners,C5,Oil fuel,C,C5,11023.57477
Multi-family,Homeowners,C5,Oil fuel,B,C5,0
Multi-family,Homeowners,C5,Oil fuel,A,C5,0
Multi-family,Homeowners,C1,Wood fuel,G,C1,0
Multi-family,Homeowners,C1,Wood fuel,F,C1,0
Multi-family,Homeowners,C1,Wood fuel,E,C1,0
Multi-family,Homeowners,C1,Wood fuel,D,C1,0
Multi-family,Homeowners,C1,Wood fuel,C,C1,0
Multi-family,Homeowners,C1,Wood fuel,B,C1,0
Multi-family,Homeowners,C1,Wood fuel,A,C1,0
Multi-family,Homeowners,C2,Wood fuel,G,C2,0
Multi-family,Homeowners,C2,Wood fuel,F,C2,0
Multi-family,Homeowners,C2,Wood fuel,E,C2,0
Multi-family,Homeowners,C2,Wood fuel,D,C2,0
Multi-family,Homeowners,C2,Wood fuel,C,C2,0
Multi-family,Homeowners,C2,Wood fuel,B,C2,0
Multi-family,Homeowners,C2,Wood fuel,A,C2,0
Multi-family,Homeowners,C3,Wood fuel,G,C3,0
Multi-family,Homeowners,C3,Wood fuel,F,C3,0
Multi-family,Homeowners,C3,Wood fuel,E,C3,9222.53971
Multi-family,Homeowners,C3,Wood fuel,D,C3,15514.25024
Multi-family,Homeowners,C3,Wood fuel,C,C3,0
Multi-family,Homeowners,C3,Wood fuel,B,C3,0
Multi-family,Homeowners,C3,Wood fuel,A,C3,0
Multi-family,Homeowners,C4,Wood fuel,G,C4,0
Multi-family,Homeowners,C4,Wood fuel,F,C4,0
Multi-family,Homeowners,C4,Wood fuel,E,C4,0
Multi-family,Homeowners,C4,Wood fuel,D,C4,0
Multi-family,Homeowners,C4,Wood fuel,C,C4,0
Multi-family,Homeowners,C4,Wood fuel,B,C4,0
Multi-family,Homeowners,C4,Wood fuel,A,C4,0
Multi-family,Homeowners,C5,Wood fuel,G,C5,0
Multi-family,Homeowners,C5,Wood fuel,F,C5,0
Multi-family,Homeowners,C5,Wood fuel,E,C5,0
Multi-family,Homeowners,C5,Wood fuel,D,C5,0
Multi-family,Homeowners,C5,Wood fuel,C,C5,0
Multi-family,Homeowners,C5,Wood fuel,B,C5,0
Multi-family,Homeowners,C5,Wood fuel,A,C5,0
Single-family,Social-housing,C1,Power,G,C1,0
Single-family,Social-housing,C1,Power,F,C1,18308.43068
Single-family,Social-housing,C1,Power,E,C1,0
Single-family,Social-housing,C1,Power,D,C1,0
Single-family,Social-housing,C1,Power,C,C1,0
Single-family,Social-housing,C1,Power,B,C1,0
Single-family,Social-housing,C1,Power,A,C1,0
Single-family,Social-housing,C2,Power,G,C2,0
Single-family,Social-housing,C2,Power,F,C2,29839.95202
Single-family,Social-housing,C2,Power,E,C2,52166.03751
Single-family,Social-housing,C2,Power,D,C2,11014.90503
Single-family,Social-housing,C2,Power,C,C2,0
Single-family,Social-housing,C2,Power,B,C2,0
Single-family,Social-housing,C2,Power,A,C2,0
Single-family,Social-housing,C3,Power,G,C3,0
Single-family,Social-housing,C3,Power,F,C3,9477.477407
Single-family,Social-housing,C3,Power,E,C3,12592.66614
Single-family,Social-housing,C3,Power,D,C3,0
Single-family,Social-housing,C3,Power,C,C3,0
Single-family,Social-housing,C3,Power,B,C3,0
Single-family,Social-housing,C3,Power,A,C3,0
Single-family,Social-housing,C4,Power,G,C4,0
Single-family,Social-housing,C4,Power,F,C4,15749.60237
Single-family,Social-housing,C4,Power,E,C4,50423.98281
Single-family,Social-housing,C4,Power,D,C4,0
Single-family,Social-housing,C4,Power,C,C4,0
Single-family,Social-housing,C4,Power,B,C4,0
Single-family,Social-housing,C4,Power,A,C4,0
Single-family,Social-housing,C5,Power,G,C5,0
Single-family,Social-housing,C5,Power,F,C5,0
Single-family,Social-housing,C5,Power,E,C5,0
Single-family,Social-housing,C5,Power,D,C5,0
Single-family,Social-housing,C5,Power,C,C5,0
Single-family,Social-housing,C5,Power,B,C5,0
Single-family,Social-housing,C5,Power,A,C5,0
Single-family,Social-housing,C1,Natural gas,G,C1,0
Single-family,Social-housing,C1,Natural gas,F,C1,16599.51211
Single-family,Social-housing,C1,Natural gas,E,C1,30444.20559
Single-family,Social-housing,C1,Natural gas,D,C1,19808.3741
Single-family,Social-housing,C1,Natural gas,C,C1,0
Single-family,Social-housing,C1,Natural gas,B,C1,0
Single-family,Social-housing,C1,Natural gas,A,C1,0
Single-family,Social-housing,C2,Natural gas,G,C2,36039.18979
Single-family,Social-housing,C2,Natural gas,F,C2,10078.09509
Single-family,Social-housing,C2,Natural gas,E,C2,52941.28219
Single-family,Social-housing,C2,Natural gas,D,C2,78170.10797
Single-family,Social-housing,C2,Natural gas,C,C2,10136.03638
Single-family,Social-housing,C2,Natural gas,B,C2,0
Single-family,Social-housing,C2,Natural gas,A,C2,0
Single-family,Social-housing,C3,Natural gas,G,C3,0
Single-family,Social-housing,C3,Natural gas,F,C3,13343.6004
Single-family,Social-housing,C3,Natural gas,E,C3,66100.06784
Single-family,Social-housing,C3,Natural gas,D,C3,64723.24085
Single-family,Social-housing,C3,Natural gas,C,C3,59595.34572
Single-family,Social-housing,C3,Natural gas,B,C3,0
Single-family,Social-housing,C3,Natural gas,A,C3,0
Single-family,Social-housing,C4,Natural gas,G,C4,0
Single-family,Social-housing,C4,Natural gas,F,C4,0
Single-family,Social-housing,C4,Natural gas,E,C4,13041.35725
Single-family,Social-housing,C4,Natural gas,D,C4,40439.91178
Single-family,Social-housing,C4,Natural gas,C,C4,0
Single-family,Social-housing,C4,Natural gas,B,C4,0
Single-family,Social-housing,C4,Natural gas,A,C4,0
Single-family,Social-housing,C5,Natural gas,G,C5,0
Single-family,Social-housing,C5,Natural gas,F,C5,0
Single-family,Social-housing,C5,Natural gas,E,C5,0
Single-family,Social-housing,C5,Natural gas,D,C5,10630.40397
Single-family,Social-housing,C5,Natural gas,C,C5,7756.888171
Single-family,Social-housing,C5,Natural gas,B,C5,0
Single-family,Social-housing,C5,Natural gas,A,C5,0
Single-family,Social-housing,C1,Oil fuel,G,C1,0
Single-family,Social-housing,C1,Oil fuel,F,C1,0
Single-family,Social-housing,C1,Oil fuel,E,C1,19349.69403
Single-family,Social-housing,C1,Oil fuel,D,C1,0
Single-family,Social-housing,C1,Oil fuel,C,C1,0
Single-family,Social-housing,C1,Oil fuel,B,C1,0
Single-family,Social-housing,C1,Oil fuel,A,C1,0
Single-family,Social-housing,C2,Oil fuel,G,C2,0
Single-family,Social-housing,C2,Oil fuel,F,C2,0
Single-family,Social-housing,C2,Oil fuel,E,C2,0
Single-family,Social-housing,C2,Oil fuel,D,C2,0
Single-family,Social-housing,C2,Oil fuel,C,C2,0
Single-family,Social-housing,C2,Oil fuel,B,C2,0
Single-family,Social-housing,C2,Oil fuel,A,C2,0
Single-family,Social-housing,C3,Oil fuel,G,C3,0
Single-family,Social-housing,C3,Oil fuel,F,C3,0
Single-family,Social-housing,C3,Oil fuel,E,C3,0
Single-family,Social-housing,C3,Oil fuel,D,C3,7662.271885
Single-family,Social-housing,C3,Oil fuel,C,C3,0
Single-family,Social-housing,C3,Oil fuel,B,C3,0
Single-family,Social-housing,C3,Oil fuel,A,C3,0
Single-family,Social-housing,C4,Oil fuel,G,C4,0
Single-family,Social-housing,C4,Oil fuel,F,C4,0
Single-family,Social-housing,C4,Oil fuel,E,C4,0
Single-family,Social-housing,C4,Oil fuel,D,C4,0
Single-family,Social-housing,C4,Oil fuel,C,C4,0
Single-family,Social-housing,C4,Oil fuel,B,C4,0
Single-family,Social-housing,C4,Oil fuel,A,C4,0
Single-family,Social-housing,C5,Oil fuel,G,C5,0
Single-family,Social-housing,C5,Oil fuel,F,C5,0
Single-family,Social-housing,C5,Oil fuel,E,C5,0
Single-family,Social-housing,C5,Oil fuel,D,C5,0
Single-family,Social-housing,C5,Oil fuel,C,C5,0
Single-family,Social-housing,C5,Oil fuel,B,C5,0
Single-family,Social-housing,C5,Oil fuel,A,C5,0
Single-family,Social-housing,C1,Wood fuel,G,C1,0
Single-family,Social-housing,C1,Wood fuel,F,C1,0
Single-family,Social-housing,C1,Wood fuel,E,C1,0
Single-family,Social-housing,C1,Wood fuel,D,C1,0
Single-family,Social-housing,C1,Wood fuel,C,C1,0
Single-family,Social-housing,C1,Wood fuel,B,C1,0
Single-family,Social-housing,C1,Wood fuel,A,C1,850.1080543
Single-family,Social-housing,C2,Wood fuel,G,C2,0
Single-family,Social-housing,C2,Wood fuel,F,C2,0
Single-family,Social-housing,C2,Wood fuel,E,C2,0
Single-family,Social-housing,C2,Wood fuel,D,C2,0
Single-family,Social-housing,C2,Wood fuel,C,C2,0
Single-family,Social-housing,C2,Wood fuel,B,C2,0
Single-family,Social-housing,C2,Wood fuel,A,C2,850.1080543
Single-family,Social-housing,C3,Wood fuel,G,C3,0
Single-family,Social-housing,C3,Wood fuel,F,C3,0
Single-family,Social-housing,C3,Wood fuel,E,C3,14896.51885
Single-family,Social-housing,C3,Wood fuel,D,C3,0
Single-family,Social-housing,C3,Wood fuel,C,C3,0
Single-family,Social-housing,C3,Wood fuel,B,C3,0
Single-family,Social-housing,C3,Wood fuel,A,C3,850.1080543
Single-family,Social-housing,C4,Wood fuel,G,C4,0
Single-family,Social-housing,C4,Wood fuel,F,C4,0
Single-family,Social-housing,C4,Wood fuel,E,C4,0
Single-family,Social-housing,C4,Wood fuel,D,C4,0
Single-family,Social-housing,C4,Wood fuel,C,C4,0
Single-family,Social-housing,C4,Wood fuel,B,C4,0
Single-family,Social-housing,C4,Wood fuel,A,C4,850.1080543
Single-family,Social-housing,C5,Wood fuel,G,C5,0
Single-family,Social-housing,C5,Wood fuel,F,C5,0
Single-family,Social-housing,C5,Wood fuel,E,C5,0
Single-family,Social-housing,C5,Wood fuel,D,C5,0
Single-family,Social-housing,C5,Wood fuel,C,C5,0
Single-family,Social-housing,C5,Wood fuel,B,C5,0
Single-family,Social-housing,C5,Wood fuel,A,C5,850.1080543
Multi-family,Social-housing,C1,Power,G,C1,60462.27252
Multi-family,Social-housing,C1,Power,F,C1,0
Multi-family,Social-housing,C1,Power,E,C1,57739.19023
Multi-family,Social-housing,C1,Power,D,C1,12408.49701
Multi-family,Social-housing,C1,Power,C,C1,0
Multi-family,Social-housing,C1,Power,B,C1,3263.184223
Multi-family,Social-housing,C1,Power,A,C1,620.1526578
Multi-family,Social-housing,C2,Power,G,C2,14554.24066
Multi-family,Social-housing,C2,Power,F,C2,0
Multi-family,Social-housing,C2,Power,E,C2,9315.719625
Multi-family,Social-housing,C2,Power,D,C2,31564.31084
Multi-family,Social-housing,C2,Power,C,C2,13680.93801
Multi-family,Social-housing,C2,Power,B,C2,3263.184223
Multi-family,Social-housing,C2,Power,A,C2,620.1526578
Multi-family,Social-housing,C3,Power,G,C3,39859.85277
Multi-family,Social-housing,C3,Power,F,C3,0
Multi-family,Social-housing,C3,Power,E,C3,51808.57882
Multi-family,Social-housing,C3,Power,D,C3,42890.86154
Multi-family,Social-housing,C3,Power,C,C3,0
Multi-family,Social-housing,C3,Power,B,C3,3263.184223
Multi-family,Social-housing,C3,Power,A,C3,620.1526578
Multi-family,Social-housing,C4,Power,G,C4,22884.50613
Multi-family,Social-housing,C4,Power,F,C4,23113.80786
Multi-family,Social-housing,C4,Power,E,C4,13452.21682
Multi-family,Social-housing,C4,Power,D,C4,12765.90224
Multi-family,Social-housing,C4,Power,C,C4,0
Multi-family,Social-housing,C4,Power,B,C4,3263.184223
Multi-family,Social-housing,C4,Power,A,C4,620.1526578
Multi-family,Social-housing,C5,Power,G,C5,0
Multi-family,Social-housing,C5,Power,F,C5,16157.78959
Multi-family,Social-housing,C5,Power,E,C5,0
Multi-family,Social-housing,C5,Power,D,C5,41863.94156
Multi-family,Social-housing,C5,Power,C,C5,0
Multi-family,Social-housing,C5,Power,B,C5,3263.184223
Multi-family,Social-housing,C5,Power,A,C5,620.1526578
Multi-family,Social-housing,C1,Natural gas,G,C1,146272.4176
Multi-family,Social-housing,C1,Natural gas,F,C1,49367.69836
Multi-family,Social-housing,C1,Natural gas,E,C1,125545.742
Multi-family,Social-housing,C1,Natural gas,D,C1,179368.8461
Multi-family,Social-housing,C1,Natural gas,C,C1,75022.40068
Multi-family,Social-housing,C1,Natural gas,B,C1,165113.8928
Multi-family,Social-housing,C1,Natural gas,A,C1,2094.87994
Multi-family,Social-housing,C2,Natural gas,G,C2,35419.39354
Multi-family,Social-housing,C2,Natural gas,F,C2,27189.62781
Multi-family,Social-housing,C2,Natural gas,E,C2,60020.72671
Multi-family,Social-housing,C2,Natural gas,D,C2,170672.7914
Multi-family,Social-housing,C2,Natural gas,C,C2,183477.3441
Multi-family,Social-housing,C2,Natural gas,B,C2,95307.48367
Multi-family,Social-housing,C2,Natural gas,A,C2,2094.87994
Multi-family,Social-housing,C3,Natural gas,G,C3,17891.58064
Multi-family,Social-housing,C3,Natural gas,F,C3,24313.22035
Multi-family,Social-housing,C3,Natural gas,E,C3,174897.2526
Multi-family,Social-housing,C3,Natural gas,D,C3,199571.919
Multi-family,Social-housing,C3,Natural gas,C,C3,144991.9852
Multi-family,Social-housing,C3,Natural gas,B,C3,0
Multi-family,Social-housing,C3,Natural gas,A,C3,2094.87994
Multi-family,Social-housing,C4,Natural gas,G,C4,19043.8892
Multi-family,Social-housing,C4,Natural gas,F,C4,0
Multi-family,Social-housing,C4,Natural gas,E,C4,131065.1932
Multi-family,Social-housing,C4,Natural gas,D,C4,69130.15091
Multi-family,Social-housing,C4,Natural gas,C,C4,24358.40124
Multi-family,Social-housing,C4,Natural gas,B,C4,0
Multi-family,Social-housing,C4,Natural gas,A,C4,2094.87994
Multi-family,Social-housing,C5,Natural gas,G,C5,18330.6419
Multi-family,Social-housing,C5,Natural gas,F,C5,48904.2533
Multi-family,Social-housing,C5,Natural gas,E,C5,9576.534498
Multi-family,Social-housing,C5,Natural gas,D,C5,13489.13078
Multi-family,Social-housing,C5,Natural gas,C,C5,53147.92092
Multi-family,Social-housing,C5,Natural gas,B,C5,0
Multi-family,Social-housing,C5,Natural gas,A,C5,2094.87994
Multi-family,Social-housing,C1,Oil fuel,G,C1,58457.55992
Multi-family,Social-housing,C1,Oil fuel,F,C1,33796.59792
Multi-family,Social-housing,C1,Oil fuel,E,C1,0
Multi-family,Social-housing,C1,Oil fuel,D,C1,21776.33979
Multi-family,Social-housing,C1,Oil fuel,C,C1,0
Multi-family,Social-housing,C1,Oil fuel,B,C1,0
Multi-family,Social-housing,C1,Oil fuel,A,C1,0
Multi-family,Social-housing,C2,Oil fuel,G,C2,0
Multi-family,Social-housing,C2,Oil fuel,F,C2,0
Multi-family,Social-housing,C2,Oil fuel,E,C2,21649.0883
Multi-family,Social-housing,C2,Oil fuel,D,C2,0
Multi-family,Social-housing,C2,Oil fuel,C,C2,0
Multi-family,Social-housing,C2,Oil fuel,B,C2,0
Multi-family,Social-housing,C2,Oil fuel,A,C2,0
Multi-family,Social-housing,C3,Oil fuel,G,C3,12555.44559
Multi-family,Social-housing,C3,Oil fuel,F,C3,0
Multi-family,Social-housing,C3,Oil fuel,E,C3,0
Multi-family,Social-housing,C3,Oil fuel,D,C3,26627.63831
Multi-family,Social-housing,C3,Oil fuel,C,C3,0
Multi-family,Social-housing,C3,Oil fuel,B,C3,0
Multi-family,Social-housing,C3,Oil fuel,A,C3,0
Multi-family,Social-housing,C4,Oil fuel,G,C4,0
Multi-family,Social-housing,C4,Oil fuel,F,C4,0
Multi-family,Social-housing,C4,Oil fuel,E,C4,32195.25733
Multi-family,Social-housing,C4,Oil fuel,D,C4,0
Multi-family,Social-housing,C4,Oil fuel,C,C4,0
Multi-family,Social-housing,C4,Oil fuel,B,C4,0
Multi-family,Social-housing,C4,Oil fuel,A,C4,0
Multi-family,Social-housing,C5,Oil fuel,G,C5,0
Multi-family,Social-housing,C5,Oil fuel,F,C5,0
Multi-family,Social-housing,C5,Oil fuel,E,C5,12758.13425
Multi-family,Social-housing,C5,Oil fuel,D,C5,0
Multi-family,Social-housing,C5,Oil fuel,C,C5,0
Multi-family,Social-housing,C5,Oil fuel,B,C5,0
Multi-family,Social-housing,C5,Oil fuel,A,C5,0
Multi-family,Social-housing,C1,Wood fuel,G,C1,0
Multi-family,Social-housing,C1,Wood fuel,F,C1,0
Multi-family,Social-housing,C1,Wood fuel,E,C1,0
Multi-family,Social-housing,C1,Wood fuel,D,C1,0
Multi-family,Social-housing,C1,Wood fuel,C,C1,0
Multi-family,Social-housing,C1,Wood fuel,B,C1,0
Multi-family,Social-housing,C1,Wood fuel,A,C1,0
Multi-family,Social-housing,C2,Wood fuel,G,C2,0
Multi-family,Social-housing,C2,Wood fuel,F,C2,0
Multi-family,Social-housing,C2,Wood fuel,E,C2,0
Multi-family,Social-housing,C2,Wood fuel,D,C2,0
Multi-family,Social-housing,C2,Wood fuel,C,C2,0
Multi-family,Social-housing,C2,Wood fuel,B,C2,0
Multi-family,Social-housing,C2,Wood fuel,A,C2,0
Multi-family,Social-housing,C3,Wood fuel,G,C3,0
Multi-family,Social-housing,C3,Wood fuel,F,C3,0
Multi-family,Social-housing,C3,Wood fuel,E,C3,15854.42565
Multi-family,Social-housing,C3,Wood fuel,D,C3,0
Multi-family,Social-housing,C3,Wood fuel,C,C3,0
Multi-family,Social-housing,C3,Wood fuel,B,C3,0
Multi-family,Social-housing,C3,Wood fuel,A,C3,0
Multi-family,Social-housing,C4,Wood fuel,G,C4,0
Multi-family,Social-housing,C4,Wood fuel,F,C4,0
Multi-family,Social-housing,C4,Wood fuel,E,C4,0
Multi-family,Social-housing,C4,Wood fuel,D,C4,0
Multi-family,Social-housing,C4,Wood fuel,C,C4,0
Multi-family,Social-housing,C4,Wood fuel,B,C4,0
Multi-family,Social-housing,C4,Wood fuel,A,C4,0
Multi-family,Social-housing,C5,Wood fuel,G,C5,0
Multi-family,Social-housing,C5,Wood fuel,F,C5,0
Multi-family,Social-housing,C5,Wood fuel,E,C5,0
Multi-family,Social-housing,C5,Wood fuel,D,C5,0
Multi-family,Social-housing,C5,Wood fuel,C,C5,0
Multi-family,Social-housing,C5,Wood fuel,B,C5,0
Multi-family,Social-housing,C5,Wood fuel,A,C5,0